NuInsSeg/a_full_set_5fold/fold_1/tissue_images/human_bladder_01.png,NuInsSeg/a_full_set_5fold/fold_1/binary_masks/human_bladder_01.png
NuInsSeg/a_full_set_5fold/fold_1/tissue_images/human_bladder_05.png,NuInsSeg/a_full_set_5fold/fold_1/binary_masks/human_bladder_05.png
NuInsSeg/a_full_set_5fold/fold_1/tissue_images/human_bladder_10.png,NuInsSeg/a_full_set_5fold/fold_1/binary_masks/human_bladder_10.png
NuInsSeg/a_full_set_5fold/fold_1/tissue_images/human_brain_2.png,NuInsSeg/a_full_set_5fold/fold_1/binary_masks/human_brain_2.png
NuInsSeg/a_full_set_5fold/fold_1/tissue_images/human_brain_5.png,NuInsSeg/a_full_set_5fold/fold_1/binary_masks/human_brain_5.png
NuInsSeg/a_full_set_5fold/fold_1/tissue_images/human_cardia_8.png,NuInsSeg/a_full_set_5fold/fold_1/binary_masks/human_cardia_8.png
NuInsSeg/a_full_set_5fold/fold_1/tissue_images/human_cardia_9.png,NuInsSeg/a_full_set_5fold/fold_1/binary_masks/human_cardia_9.png
NuInsSeg/a_full_set_5fold/fold_1/tissue_images/human_cerebellum_11.png,NuInsSeg/a_full_set_5fold/fold_1/binary_masks/human_cerebellum_11.png
NuInsSeg/a_full_set_5fold/fold_1/tissue_images/human_cerebellum_2.png,NuInsSeg/a_full_set_5fold/fold_1/binary_masks/human_cerebellum_2.png
NuInsSeg/a_full_set_5fold/fold_1/tissue_images/human_cerebellum_7.png,NuInsSeg/a_full_set_5fold/fold_1/binary_masks/human_cerebellum_7.png
NuInsSeg/a_full_set_5fold/fold_1/tissue_images/human_epiglottis_6.png,NuInsSeg/a_full_set_5fold/fold_1/binary_masks/human_epiglottis_6.png
NuInsSeg/a_full_set_5fold/fold_1/tissue_images/human_epiglottis_7.png,NuInsSeg/a_full_set_5fold/fold_1/binary_masks/human_epiglottis_7.png
NuInsSeg/a_full_set_5fold/fold_1/tissue_images/human_jejunum_01.png,NuInsSeg/a_full_set_5fold/fold_1/binary_masks/human_jejunum_01.png
NuInsSeg/a_full_set_5fold/fold_1/tissue_images/human_jejunum_06.png,NuInsSeg/a_full_set_5fold/fold_1/binary_masks/human_jejunum_06.png
NuInsSeg/a_full_set_5fold/fold_1/tissue_images/human_kidney_02.png,NuInsSeg/a_full_set_5fold/fold_1/binary_masks/human_kidney_02.png
NuInsSeg/a_full_set_5fold/fold_1/tissue_images/human_kidney_05.png,NuInsSeg/a_full_set_5fold/fold_1/binary_masks/human_kidney_05.png
NuInsSeg/a_full_set_5fold/fold_1/tissue_images/human_liver_07.png,NuInsSeg/a_full_set_5fold/fold_1/binary_masks/human_liver_07.png
NuInsSeg/a_full_set_5fold/fold_1/tissue_images/human_liver_09.png,NuInsSeg/a_full_set_5fold/fold_1/binary_masks/human_liver_09.png
NuInsSeg/a_full_set_5fold/fold_1/tissue_images/human_liver_22.png,NuInsSeg/a_full_set_5fold/fold_1/binary_masks/human_liver_22.png
NuInsSeg/a_full_set_5fold/fold_1/tissue_images/human_liver_23.png,NuInsSeg/a_full_set_5fold/fold_1/binary_masks/human_liver_23.png
NuInsSeg/a_full_set_5fold/fold_1/tissue_images/human_liver_25.png,NuInsSeg/a_full_set_5fold/fold_1/binary_masks/human_liver_25.png
NuInsSeg/a_full_set_5fold/fold_1/tissue_images/human_liver_32.png,NuInsSeg/a_full_set_5fold/fold_1/binary_masks/human_liver_32.png
NuInsSeg/a_full_set_5fold/fold_1/tissue_images/human_liver_35.png,NuInsSeg/a_full_set_5fold/fold_1/binary_masks/human_liver_35.png
NuInsSeg/a_full_set_5fold/fold_1/tissue_images/human_liver_40.png,NuInsSeg/a_full_set_5fold/fold_1/binary_masks/human_liver_40.png
NuInsSeg/a_full_set_5fold/fold_1/tissue_images/human_lung_1.png,NuInsSeg/a_full_set_5fold/fold_1/binary_masks/human_lung_1.png
NuInsSeg/a_full_set_5fold/fold_1/tissue_images/human_lung_7.png,NuInsSeg/a_full_set_5fold/fold_1/binary_masks/human_lung_7.png
NuInsSeg/a_full_set_5fold/fold_1/tissue_images/human_melanoma_05.png,NuInsSeg/a_full_set_5fold/fold_1/binary_masks/human_melanoma_05.png
NuInsSeg/a_full_set_5fold/fold_1/tissue_images/human_melanoma_07.png,NuInsSeg/a_full_set_5fold/fold_1/binary_masks/human_melanoma_07.png
NuInsSeg/a_full_set_5fold/fold_1/tissue_images/human_melanoma_12.png,NuInsSeg/a_full_set_5fold/fold_1/binary_masks/human_melanoma_12.png
NuInsSeg/a_full_set_5fold/fold_1/tissue_images/human_muscle_10.png,NuInsSeg/a_full_set_5fold/fold_1/binary_masks/human_muscle_10.png
NuInsSeg/a_full_set_5fold/fold_1/tissue_images/human_muscle_8.png,NuInsSeg/a_full_set_5fold/fold_1/binary_masks/human_muscle_8.png
NuInsSeg/a_full_set_5fold/fold_1/tissue_images/human_oesophagus_07.png,NuInsSeg/a_full_set_5fold/fold_1/binary_masks/human_oesophagus_07.png
NuInsSeg/a_full_set_5fold/fold_1/tissue_images/human_oesophagus_09.png,NuInsSeg/a_full_set_5fold/fold_1/binary_masks/human_oesophagus_09.png
NuInsSeg/a_full_set_5fold/fold_1/tissue_images/human_oesophagus_10.png,NuInsSeg/a_full_set_5fold/fold_1/binary_masks/human_oesophagus_10.png
NuInsSeg/a_full_set_5fold/fold_1/tissue_images/human_oesophagus_22.png,NuInsSeg/a_full_set_5fold/fold_1/binary_masks/human_oesophagus_22.png
NuInsSeg/a_full_set_5fold/fold_1/tissue_images/human_oesophagus_25.png,NuInsSeg/a_full_set_5fold/fold_1/binary_masks/human_oesophagus_25.png
NuInsSeg/a_full_set_5fold/fold_1/tissue_images/human_oesophagus_32.png,NuInsSeg/a_full_set_5fold/fold_1/binary_masks/human_oesophagus_32.png
NuInsSeg/a_full_set_5fold/fold_1/tissue_images/human_oesophagus_35.png,NuInsSeg/a_full_set_5fold/fold_1/binary_masks/human_oesophagus_35.png
NuInsSeg/a_full_set_5fold/fold_1/tissue_images/human_oesophagus_40.png,NuInsSeg/a_full_set_5fold/fold_1/binary_masks/human_oesophagus_40.png
NuInsSeg/a_full_set_5fold/fold_1/tissue_images/human_oesophagus_47.png,NuInsSeg/a_full_set_5fold/fold_1/binary_masks/human_oesophagus_47.png
NuInsSeg/a_full_set_5fold/fold_1/tissue_images/human_pancreas_10.png,NuInsSeg/a_full_set_5fold/fold_1/binary_masks/human_pancreas_10.png
NuInsSeg/a_full_set_5fold/fold_1/tissue_images/human_pancreas_17.png,NuInsSeg/a_full_set_5fold/fold_1/binary_masks/human_pancreas_17.png
NuInsSeg/a_full_set_5fold/fold_1/tissue_images/human_pancreas_19.png,NuInsSeg/a_full_set_5fold/fold_1/binary_masks/human_pancreas_19.png
NuInsSeg/a_full_set_5fold/fold_1/tissue_images/human_pancreas_20.png,NuInsSeg/a_full_set_5fold/fold_1/binary_masks/human_pancreas_20.png
NuInsSeg/a_full_set_5fold/fold_1/tissue_images/human_pancreas_22.png,NuInsSeg/a_full_set_5fold/fold_1/binary_masks/human_pancreas_22.png
NuInsSeg/a_full_set_5fold/fold_1/tissue_images/human_pancreas_25.png,NuInsSeg/a_full_set_5fold/fold_1/binary_masks/human_pancreas_25.png
NuInsSeg/a_full_set_5fold/fold_1/tissue_images/human_pancreas_32.png,NuInsSeg/a_full_set_5fold/fold_1/binary_masks/human_pancreas_32.png
NuInsSeg/a_full_set_5fold/fold_1/tissue_images/human_pancreas_40.png,NuInsSeg/a_full_set_5fold/fold_1/binary_masks/human_pancreas_40.png
NuInsSeg/a_full_set_5fold/fold_1/tissue_images/human_pancreas_41.png,NuInsSeg/a_full_set_5fold/fold_1/binary_masks/human_pancreas_41.png
NuInsSeg/a_full_set_5fold/fold_1/tissue_images/human_peritoneum_11.png,NuInsSeg/a_full_set_5fold/fold_1/binary_masks/human_peritoneum_11.png
NuInsSeg/a_full_set_5fold/fold_1/tissue_images/human_peritoneum_3.png,NuInsSeg/a_full_set_5fold/fold_1/binary_masks/human_peritoneum_3.png
NuInsSeg/a_full_set_5fold/fold_1/tissue_images/human_placenta_07.png,NuInsSeg/a_full_set_5fold/fold_1/binary_masks/human_placenta_07.png
NuInsSeg/a_full_set_5fold/fold_1/tissue_images/human_placenta_09.png,NuInsSeg/a_full_set_5fold/fold_1/binary_masks/human_placenta_09.png
NuInsSeg/a_full_set_5fold/fold_1/tissue_images/human_placenta_22.png,NuInsSeg/a_full_set_5fold/fold_1/binary_masks/human_placenta_22.png
NuInsSeg/a_full_set_5fold/fold_1/tissue_images/human_placenta_24.png,NuInsSeg/a_full_set_5fold/fold_1/binary_masks/human_placenta_24.png
NuInsSeg/a_full_set_5fold/fold_1/tissue_images/human_placenta_25.png,NuInsSeg/a_full_set_5fold/fold_1/binary_masks/human_placenta_25.png
NuInsSeg/a_full_set_5fold/fold_1/tissue_images/human_placenta_32.png,NuInsSeg/a_full_set_5fold/fold_1/binary_masks/human_placenta_32.png
NuInsSeg/a_full_set_5fold/fold_1/tissue_images/human_placenta_35.png,NuInsSeg/a_full_set_5fold/fold_1/binary_masks/human_placenta_35.png
NuInsSeg/a_full_set_5fold/fold_1/tissue_images/human_placenta_40.png,NuInsSeg/a_full_set_5fold/fold_1/binary_masks/human_placenta_40.png
NuInsSeg/a_full_set_5fold/fold_1/tissue_images/human_pylorus_10.png,NuInsSeg/a_full_set_5fold/fold_1/binary_masks/human_pylorus_10.png
NuInsSeg/a_full_set_5fold/fold_1/tissue_images/human_pylorus_2.png,NuInsSeg/a_full_set_5fold/fold_1/binary_masks/human_pylorus_2.png
NuInsSeg/a_full_set_5fold/fold_1/tissue_images/human_pylorus_9.png,NuInsSeg/a_full_set_5fold/fold_1/binary_masks/human_pylorus_9.png
NuInsSeg/a_full_set_5fold/fold_1/tissue_images/human_rectum_1.png,NuInsSeg/a_full_set_5fold/fold_1/binary_masks/human_rectum_1.png
NuInsSeg/a_full_set_5fold/fold_1/tissue_images/human_rectum_6.png,NuInsSeg/a_full_set_5fold/fold_1/binary_masks/human_rectum_6.png
NuInsSeg/a_full_set_5fold/fold_1/tissue_images/human_salivory_07.png,NuInsSeg/a_full_set_5fold/fold_1/binary_masks/human_salivory_07.png
NuInsSeg/a_full_set_5fold/fold_1/tissue_images/human_salivory_09.png,NuInsSeg/a_full_set_5fold/fold_1/binary_masks/human_salivory_09.png
NuInsSeg/a_full_set_5fold/fold_1/tissue_images/human_salivory_10.png,NuInsSeg/a_full_set_5fold/fold_1/binary_masks/human_salivory_10.png
NuInsSeg/a_full_set_5fold/fold_1/tissue_images/human_salivory_17.png,NuInsSeg/a_full_set_5fold/fold_1/binary_masks/human_salivory_17.png
NuInsSeg/a_full_set_5fold/fold_1/tissue_images/human_salivory_19.png,NuInsSeg/a_full_set_5fold/fold_1/binary_masks/human_salivory_19.png
NuInsSeg/a_full_set_5fold/fold_1/tissue_images/human_salivory_32.png,NuInsSeg/a_full_set_5fold/fold_1/binary_masks/human_salivory_32.png
NuInsSeg/a_full_set_5fold/fold_1/tissue_images/human_salivory_35.png,NuInsSeg/a_full_set_5fold/fold_1/binary_masks/human_salivory_35.png
NuInsSeg/a_full_set_5fold/fold_1/tissue_images/human_salivory_39.png,NuInsSeg/a_full_set_5fold/fold_1/binary_masks/human_salivory_39.png
NuInsSeg/a_full_set_5fold/fold_1/tissue_images/human_salivory_40.png,NuInsSeg/a_full_set_5fold/fold_1/binary_masks/human_salivory_40.png
NuInsSeg/a_full_set_5fold/fold_1/tissue_images/human_spleen_02.png,NuInsSeg/a_full_set_5fold/fold_1/binary_masks/human_spleen_02.png
NuInsSeg/a_full_set_5fold/fold_1/tissue_images/human_spleen_05.png,NuInsSeg/a_full_set_5fold/fold_1/binary_masks/human_spleen_05.png
NuInsSeg/a_full_set_5fold/fold_1/tissue_images/human_spleen_20.png,NuInsSeg/a_full_set_5fold/fold_1/binary_masks/human_spleen_20.png
NuInsSeg/a_full_set_5fold/fold_1/tissue_images/human_spleen_28.png,NuInsSeg/a_full_set_5fold/fold_1/binary_masks/human_spleen_28.png
NuInsSeg/a_full_set_5fold/fold_1/tissue_images/human_spleen_29.png,NuInsSeg/a_full_set_5fold/fold_1/binary_masks/human_spleen_29.png
NuInsSeg/a_full_set_5fold/fold_1/tissue_images/human_spleen_30.png,NuInsSeg/a_full_set_5fold/fold_1/binary_masks/human_spleen_30.png
NuInsSeg/a_full_set_5fold/fold_1/tissue_images/human_spleen_32.png,NuInsSeg/a_full_set_5fold/fold_1/binary_masks/human_spleen_32.png
NuInsSeg/a_full_set_5fold/fold_1/tissue_images/human_testis_1.png,NuInsSeg/a_full_set_5fold/fold_1/binary_masks/human_testis_1.png
NuInsSeg/a_full_set_5fold/fold_1/tissue_images/human_testis_7.png,NuInsSeg/a_full_set_5fold/fold_1/binary_masks/human_testis_7.png
NuInsSeg/a_full_set_5fold/fold_1/tissue_images/human_tongue_03.png,NuInsSeg/a_full_set_5fold/fold_1/binary_masks/human_tongue_03.png
NuInsSeg/a_full_set_5fold/fold_1/tissue_images/human_tongue_04.png,NuInsSeg/a_full_set_5fold/fold_1/binary_masks/human_tongue_04.png
NuInsSeg/a_full_set_5fold/fold_1/tissue_images/human_tongue_20.png,NuInsSeg/a_full_set_5fold/fold_1/binary_masks/human_tongue_20.png
NuInsSeg/a_full_set_5fold/fold_1/tissue_images/human_tongue_21.png,NuInsSeg/a_full_set_5fold/fold_1/binary_masks/human_tongue_21.png
NuInsSeg/a_full_set_5fold/fold_1/tissue_images/human_tongue_26.png,NuInsSeg/a_full_set_5fold/fold_1/binary_masks/human_tongue_26.png
NuInsSeg/a_full_set_5fold/fold_1/tissue_images/human_tongue_31.png,NuInsSeg/a_full_set_5fold/fold_1/binary_masks/human_tongue_31.png
NuInsSeg/a_full_set_5fold/fold_1/tissue_images/human_tongue_36.png,NuInsSeg/a_full_set_5fold/fold_1/binary_masks/human_tongue_36.png
NuInsSeg/a_full_set_5fold/fold_1/tissue_images/human_tongue_38.png,NuInsSeg/a_full_set_5fold/fold_1/binary_masks/human_tongue_38.png
NuInsSeg/a_full_set_5fold/fold_1/tissue_images/human_tonsile_1.png,NuInsSeg/a_full_set_5fold/fold_1/binary_masks/human_tonsile_1.png
NuInsSeg/a_full_set_5fold/fold_1/tissue_images/human_tonsile_6.png,NuInsSeg/a_full_set_5fold/fold_1/binary_masks/human_tonsile_6.png
NuInsSeg/a_full_set_5fold/fold_1/tissue_images/human_umbilical_cord_02.png,NuInsSeg/a_full_set_5fold/fold_1/binary_masks/human_umbilical_cord_02.png
NuInsSeg/a_full_set_5fold/fold_1/tissue_images/human_umbilical_cord_05.png,NuInsSeg/a_full_set_5fold/fold_1/binary_masks/human_umbilical_cord_05.png
NuInsSeg/a_full_set_5fold/fold_1/tissue_images/human_umbilical_cord_11.png,NuInsSeg/a_full_set_5fold/fold_1/binary_masks/human_umbilical_cord_11.png
NuInsSeg/a_full_set_5fold/fold_1/tissue_images/mouse_femur_03.png,NuInsSeg/a_full_set_5fold/fold_1/binary_masks/mouse_femur_03.png
NuInsSeg/a_full_set_5fold/fold_1/tissue_images/mouse_heart_07.png,NuInsSeg/a_full_set_5fold/fold_1/binary_masks/mouse_heart_07.png
NuInsSeg/a_full_set_5fold/fold_1/tissue_images/mouse_heart_09.png,NuInsSeg/a_full_set_5fold/fold_1/binary_masks/mouse_heart_09.png
NuInsSeg/a_full_set_5fold/fold_1/tissue_images/mouse_heart_19.png,NuInsSeg/a_full_set_5fold/fold_1/binary_masks/mouse_heart_19.png
NuInsSeg/a_full_set_5fold/fold_1/tissue_images/mouse_heart_22.png,NuInsSeg/a_full_set_5fold/fold_1/binary_masks/mouse_heart_22.png
NuInsSeg/a_full_set_5fold/fold_1/tissue_images/mouse_heart_25.png,NuInsSeg/a_full_set_5fold/fold_1/binary_masks/mouse_heart_25.png
NuInsSeg/a_full_set_5fold/fold_1/tissue_images/mouse_kidney_03.png,NuInsSeg/a_full_set_5fold/fold_1/binary_masks/mouse_kidney_03.png
NuInsSeg/a_full_set_5fold/fold_1/tissue_images/mouse_kidney_04.png,NuInsSeg/a_full_set_5fold/fold_1/binary_masks/mouse_kidney_04.png
NuInsSeg/a_full_set_5fold/fold_1/tissue_images/mouse_kidney_20.png,NuInsSeg/a_full_set_5fold/fold_1/binary_masks/mouse_kidney_20.png
NuInsSeg/a_full_set_5fold/fold_1/tissue_images/mouse_kidney_21.png,NuInsSeg/a_full_set_5fold/fold_1/binary_masks/mouse_kidney_21.png
NuInsSeg/a_full_set_5fold/fold_1/tissue_images/mouse_kidney_26.png,NuInsSeg/a_full_set_5fold/fold_1/binary_masks/mouse_kidney_26.png
NuInsSeg/a_full_set_5fold/fold_1/tissue_images/mouse_kidney_31.png,NuInsSeg/a_full_set_5fold/fold_1/binary_masks/mouse_kidney_31.png
NuInsSeg/a_full_set_5fold/fold_1/tissue_images/mouse_kidney_36.png,NuInsSeg/a_full_set_5fold/fold_1/binary_masks/mouse_kidney_36.png
NuInsSeg/a_full_set_5fold/fold_1/tissue_images/mouse_kidney_38.png,NuInsSeg/a_full_set_5fold/fold_1/binary_masks/mouse_kidney_38.png
NuInsSeg/a_full_set_5fold/fold_1/tissue_images/mouse_liver_02.png,NuInsSeg/a_full_set_5fold/fold_1/binary_masks/mouse_liver_02.png
NuInsSeg/a_full_set_5fold/fold_1/tissue_images/mouse_liver_05.png,NuInsSeg/a_full_set_5fold/fold_1/binary_masks/mouse_liver_05.png
NuInsSeg/a_full_set_5fold/fold_1/tissue_images/mouse_liver_12.png,NuInsSeg/a_full_set_5fold/fold_1/binary_masks/mouse_liver_12.png
NuInsSeg/a_full_set_5fold/fold_1/tissue_images/mouse_liver_13.png,NuInsSeg/a_full_set_5fold/fold_1/binary_masks/mouse_liver_13.png
NuInsSeg/a_full_set_5fold/fold_1/tissue_images/mouse_liver_14.png,NuInsSeg/a_full_set_5fold/fold_1/binary_masks/mouse_liver_14.png
NuInsSeg/a_full_set_5fold/fold_1/tissue_images/mouse_liver_15.png,NuInsSeg/a_full_set_5fold/fold_1/binary_masks/mouse_liver_15.png
NuInsSeg/a_full_set_5fold/fold_1/tissue_images/mouse_liver_30.png,NuInsSeg/a_full_set_5fold/fold_1/binary_masks/mouse_liver_30.png
NuInsSeg/a_full_set_5fold/fold_1/tissue_images/mouse_liver_35.png,NuInsSeg/a_full_set_5fold/fold_1/binary_masks/mouse_liver_35.png
NuInsSeg/a_full_set_5fold/fold_1/tissue_images/mouse_muscle_tibia_01.png,NuInsSeg/a_full_set_5fold/fold_1/binary_masks/mouse_muscle_tibia_01.png
NuInsSeg/a_full_set_5fold/fold_1/tissue_images/mouse_muscle_tibia_06.png,NuInsSeg/a_full_set_5fold/fold_1/binary_masks/mouse_muscle_tibia_06.png
NuInsSeg/a_full_set_5fold/fold_1/tissue_images/mouse_muscle_tibia_08.png,NuInsSeg/a_full_set_5fold/fold_1/binary_masks/mouse_muscle_tibia_08.png
NuInsSeg/a_full_set_5fold/fold_1/tissue_images/mouse_muscle_tibia_23.png,NuInsSeg/a_full_set_5fold/fold_1/binary_masks/mouse_muscle_tibia_23.png
NuInsSeg/a_full_set_5fold/fold_1/tissue_images/mouse_muscle_tibia_24.png,NuInsSeg/a_full_set_5fold/fold_1/binary_masks/mouse_muscle_tibia_24.png
NuInsSeg/a_full_set_5fold/fold_1/tissue_images/mouse_spleen_05.png,NuInsSeg/a_full_set_5fold/fold_1/binary_masks/mouse_spleen_05.png
NuInsSeg/a_full_set_5fold/fold_1/tissue_images/mouse_spleen_06.png,NuInsSeg/a_full_set_5fold/fold_1/binary_masks/mouse_spleen_06.png
NuInsSeg/a_full_set_5fold/fold_1/tissue_images/mouse_subscapula_10.png,NuInsSeg/a_full_set_5fold/fold_1/binary_masks/mouse_subscapula_10.png
NuInsSeg/a_full_set_5fold/fold_1/tissue_images/mouse_subscapula_17.png,NuInsSeg/a_full_set_5fold/fold_1/binary_masks/mouse_subscapula_17.png
NuInsSeg/a_full_set_5fold/fold_1/tissue_images/mouse_subscapula_19.png,NuInsSeg/a_full_set_5fold/fold_1/binary_masks/mouse_subscapula_19.png
NuInsSeg/a_full_set_5fold/fold_1/tissue_images/mouse_subscapula_22.png,NuInsSeg/a_full_set_5fold/fold_1/binary_masks/mouse_subscapula_22.png
NuInsSeg/a_full_set_5fold/fold_1/tissue_images/mouse_subscapula_25.png,NuInsSeg/a_full_set_5fold/fold_1/binary_masks/mouse_subscapula_25.png
NuInsSeg/a_full_set_5fold/fold_1/tissue_images/mouse_subscapula_32.png,NuInsSeg/a_full_set_5fold/fold_1/binary_masks/mouse_subscapula_32.png
NuInsSeg/a_full_set_5fold/fold_1/tissue_images/mouse_subscapula_33.png,NuInsSeg/a_full_set_5fold/fold_1/binary_masks/mouse_subscapula_33.png
NuInsSeg/a_full_set_5fold/fold_1/tissue_images/mouse_subscapula_35.png,NuInsSeg/a_full_set_5fold/fold_1/binary_masks/mouse_subscapula_35.png
NuInsSeg/a_full_set_5fold/fold_1/tissue_images/mouse_thymus_02.png,NuInsSeg/a_full_set_5fold/fold_1/binary_masks/mouse_thymus_02.png
NuInsSeg/a_full_set_5fold/fold_2/tissue_images/human_bladder_07.png,NuInsSeg/a_full_set_5fold/fold_2/binary_masks/human_bladder_07.png
NuInsSeg/a_full_set_5fold/fold_2/tissue_images/human_bladder_09.png,NuInsSeg/a_full_set_5fold/fold_2/binary_masks/human_bladder_09.png
NuInsSeg/a_full_set_5fold/fold_2/tissue_images/human_brain_11.png,NuInsSeg/a_full_set_5fold/fold_2/binary_masks/human_brain_11.png
NuInsSeg/a_full_set_5fold/fold_2/tissue_images/human_brain_12.png,NuInsSeg/a_full_set_5fold/fold_2/binary_masks/human_brain_12.png
NuInsSeg/a_full_set_5fold/fold_2/tissue_images/human_brain_7.png,NuInsSeg/a_full_set_5fold/fold_2/binary_masks/human_brain_7.png
NuInsSeg/a_full_set_5fold/fold_2/tissue_images/human_cardia_12.png,NuInsSeg/a_full_set_5fold/fold_2/binary_masks/human_cardia_12.png
NuInsSeg/a_full_set_5fold/fold_2/tissue_images/human_cardia_7.png,NuInsSeg/a_full_set_5fold/fold_2/binary_masks/human_cardia_7.png
NuInsSeg/a_full_set_5fold/fold_2/tissue_images/human_cerebellum_10.png,NuInsSeg/a_full_set_5fold/fold_2/binary_masks/human_cerebellum_10.png
NuInsSeg/a_full_set_5fold/fold_2/tissue_images/human_cerebellum_5.png,NuInsSeg/a_full_set_5fold/fold_2/binary_masks/human_cerebellum_5.png
NuInsSeg/a_full_set_5fold/fold_2/tissue_images/human_cerebellum_9.png,NuInsSeg/a_full_set_5fold/fold_2/binary_masks/human_cerebellum_9.png
NuInsSeg/a_full_set_5fold/fold_2/tissue_images/human_epiglottis_11.png,NuInsSeg/a_full_set_5fold/fold_2/binary_masks/human_epiglottis_11.png
NuInsSeg/a_full_set_5fold/fold_2/tissue_images/human_epiglottis_12.png,NuInsSeg/a_full_set_5fold/fold_2/binary_masks/human_epiglottis_12.png
NuInsSeg/a_full_set_5fold/fold_2/tissue_images/human_jejunum_07.png,NuInsSeg/a_full_set_5fold/fold_2/binary_masks/human_jejunum_07.png
NuInsSeg/a_full_set_5fold/fold_2/tissue_images/human_jejunum_09.png,NuInsSeg/a_full_set_5fold/fold_2/binary_masks/human_jejunum_09.png
NuInsSeg/a_full_set_5fold/fold_2/tissue_images/human_kidney_06.png,NuInsSeg/a_full_set_5fold/fold_2/binary_masks/human_kidney_06.png
NuInsSeg/a_full_set_5fold/fold_2/tissue_images/human_kidney_08.png,NuInsSeg/a_full_set_5fold/fold_2/binary_masks/human_kidney_08.png
NuInsSeg/a_full_set_5fold/fold_2/tissue_images/human_liver_11.png,NuInsSeg/a_full_set_5fold/fold_2/binary_masks/human_liver_11.png
NuInsSeg/a_full_set_5fold/fold_2/tissue_images/human_liver_15.png,NuInsSeg/a_full_set_5fold/fold_2/binary_masks/human_liver_15.png
NuInsSeg/a_full_set_5fold/fold_2/tissue_images/human_liver_16.png,NuInsSeg/a_full_set_5fold/fold_2/binary_masks/human_liver_16.png
NuInsSeg/a_full_set_5fold/fold_2/tissue_images/human_liver_18.png,NuInsSeg/a_full_set_5fold/fold_2/binary_masks/human_liver_18.png
NuInsSeg/a_full_set_5fold/fold_2/tissue_images/human_liver_20.png,NuInsSeg/a_full_set_5fold/fold_2/binary_masks/human_liver_20.png
NuInsSeg/a_full_set_5fold/fold_2/tissue_images/human_liver_24.png,NuInsSeg/a_full_set_5fold/fold_2/binary_masks/human_liver_24.png
NuInsSeg/a_full_set_5fold/fold_2/tissue_images/human_liver_27.png,NuInsSeg/a_full_set_5fold/fold_2/binary_masks/human_liver_27.png
NuInsSeg/a_full_set_5fold/fold_2/tissue_images/human_liver_29.png,NuInsSeg/a_full_set_5fold/fold_2/binary_masks/human_liver_29.png
NuInsSeg/a_full_set_5fold/fold_2/tissue_images/human_lung_12.png,NuInsSeg/a_full_set_5fold/fold_2/binary_masks/human_lung_12.png
NuInsSeg/a_full_set_5fold/fold_2/tissue_images/human_lung_9.png,NuInsSeg/a_full_set_5fold/fold_2/binary_masks/human_lung_9.png
NuInsSeg/a_full_set_5fold/fold_2/tissue_images/human_melanoma_02.png,NuInsSeg/a_full_set_5fold/fold_2/binary_masks/human_melanoma_02.png
NuInsSeg/a_full_set_5fold/fold_2/tissue_images/human_melanoma_09.png,NuInsSeg/a_full_set_5fold/fold_2/binary_masks/human_melanoma_09.png
NuInsSeg/a_full_set_5fold/fold_2/tissue_images/human_melanoma_10.png,NuInsSeg/a_full_set_5fold/fold_2/binary_masks/human_melanoma_10.png
NuInsSeg/a_full_set_5fold/fold_2/tissue_images/human_muscle_2.png,NuInsSeg/a_full_set_5fold/fold_2/binary_masks/human_muscle_2.png
NuInsSeg/a_full_set_5fold/fold_2/tissue_images/human_oesophagus_02.png,NuInsSeg/a_full_set_5fold/fold_2/binary_masks/human_oesophagus_02.png
NuInsSeg/a_full_set_5fold/fold_2/tissue_images/human_oesophagus_11.png,NuInsSeg/a_full_set_5fold/fold_2/binary_masks/human_oesophagus_11.png
NuInsSeg/a_full_set_5fold/fold_2/tissue_images/human_oesophagus_15.png,NuInsSeg/a_full_set_5fold/fold_2/binary_masks/human_oesophagus_15.png
NuInsSeg/a_full_set_5fold/fold_2/tissue_images/human_oesophagus_16.png,NuInsSeg/a_full_set_5fold/fold_2/binary_masks/human_oesophagus_16.png
NuInsSeg/a_full_set_5fold/fold_2/tissue_images/human_oesophagus_18.png,NuInsSeg/a_full_set_5fold/fold_2/binary_masks/human_oesophagus_18.png
NuInsSeg/a_full_set_5fold/fold_2/tissue_images/human_oesophagus_20.png,NuInsSeg/a_full_set_5fold/fold_2/binary_masks/human_oesophagus_20.png
NuInsSeg/a_full_set_5fold/fold_2/tissue_images/human_oesophagus_23.png,NuInsSeg/a_full_set_5fold/fold_2/binary_masks/human_oesophagus_23.png
NuInsSeg/a_full_set_5fold/fold_2/tissue_images/human_oesophagus_24.png,NuInsSeg/a_full_set_5fold/fold_2/binary_masks/human_oesophagus_24.png
NuInsSeg/a_full_set_5fold/fold_2/tissue_images/human_oesophagus_27.png,NuInsSeg/a_full_set_5fold/fold_2/binary_masks/human_oesophagus_27.png
NuInsSeg/a_full_set_5fold/fold_2/tissue_images/human_oesophagus_29.png,NuInsSeg/a_full_set_5fold/fold_2/binary_masks/human_oesophagus_29.png
NuInsSeg/a_full_set_5fold/fold_2/tissue_images/human_pancreas_01.png,NuInsSeg/a_full_set_5fold/fold_2/binary_masks/human_pancreas_01.png
NuInsSeg/a_full_set_5fold/fold_2/tissue_images/human_pancreas_06.png,NuInsSeg/a_full_set_5fold/fold_2/binary_masks/human_pancreas_06.png
NuInsSeg/a_full_set_5fold/fold_2/tissue_images/human_pancreas_08.png,NuInsSeg/a_full_set_5fold/fold_2/binary_masks/human_pancreas_08.png
NuInsSeg/a_full_set_5fold/fold_2/tissue_images/human_pancreas_27.png,NuInsSeg/a_full_set_5fold/fold_2/binary_masks/human_pancreas_27.png
NuInsSeg/a_full_set_5fold/fold_2/tissue_images/human_pancreas_33.png,NuInsSeg/a_full_set_5fold/fold_2/binary_masks/human_pancreas_33.png
NuInsSeg/a_full_set_5fold/fold_2/tissue_images/human_pancreas_34.png,NuInsSeg/a_full_set_5fold/fold_2/binary_masks/human_pancreas_34.png
NuInsSeg/a_full_set_5fold/fold_2/tissue_images/human_pancreas_37.png,NuInsSeg/a_full_set_5fold/fold_2/binary_masks/human_pancreas_37.png
NuInsSeg/a_full_set_5fold/fold_2/tissue_images/human_pancreas_39.png,NuInsSeg/a_full_set_5fold/fold_2/binary_masks/human_pancreas_39.png
NuInsSeg/a_full_set_5fold/fold_2/tissue_images/human_pancreas_42.png,NuInsSeg/a_full_set_5fold/fold_2/binary_masks/human_pancreas_42.png
NuInsSeg/a_full_set_5fold/fold_2/tissue_images/human_peritoneum_2.png,NuInsSeg/a_full_set_5fold/fold_2/binary_masks/human_peritoneum_2.png
NuInsSeg/a_full_set_5fold/fold_2/tissue_images/human_peritoneum_5.png,NuInsSeg/a_full_set_5fold/fold_2/binary_masks/human_peritoneum_5.png
NuInsSeg/a_full_set_5fold/fold_2/tissue_images/human_placenta_11.png,NuInsSeg/a_full_set_5fold/fold_2/binary_masks/human_placenta_11.png
NuInsSeg/a_full_set_5fold/fold_2/tissue_images/human_placenta_12.png,NuInsSeg/a_full_set_5fold/fold_2/binary_masks/human_placenta_12.png
NuInsSeg/a_full_set_5fold/fold_2/tissue_images/human_placenta_16.png,NuInsSeg/a_full_set_5fold/fold_2/binary_masks/human_placenta_16.png
NuInsSeg/a_full_set_5fold/fold_2/tissue_images/human_placenta_18.png,NuInsSeg/a_full_set_5fold/fold_2/binary_masks/human_placenta_18.png
NuInsSeg/a_full_set_5fold/fold_2/tissue_images/human_placenta_20.png,NuInsSeg/a_full_set_5fold/fold_2/binary_masks/human_placenta_20.png
NuInsSeg/a_full_set_5fold/fold_2/tissue_images/human_placenta_23.png,NuInsSeg/a_full_set_5fold/fold_2/binary_masks/human_placenta_23.png
NuInsSeg/a_full_set_5fold/fold_2/tissue_images/human_placenta_27.png,NuInsSeg/a_full_set_5fold/fold_2/binary_masks/human_placenta_27.png
NuInsSeg/a_full_set_5fold/fold_2/tissue_images/human_placenta_29.png,NuInsSeg/a_full_set_5fold/fold_2/binary_masks/human_placenta_29.png
NuInsSeg/a_full_set_5fold/fold_2/tissue_images/human_pylorus_11.png,NuInsSeg/a_full_set_5fold/fold_2/binary_masks/human_pylorus_11.png
NuInsSeg/a_full_set_5fold/fold_2/tissue_images/human_pylorus_5.png,NuInsSeg/a_full_set_5fold/fold_2/binary_masks/human_pylorus_5.png
NuInsSeg/a_full_set_5fold/fold_2/tissue_images/human_rectum_10.png,NuInsSeg/a_full_set_5fold/fold_2/binary_masks/human_rectum_10.png
NuInsSeg/a_full_set_5fold/fold_2/tissue_images/human_rectum_2.png,NuInsSeg/a_full_set_5fold/fold_2/binary_masks/human_rectum_2.png
NuInsSeg/a_full_set_5fold/fold_2/tissue_images/human_rectum_7.png,NuInsSeg/a_full_set_5fold/fold_2/binary_masks/human_rectum_7.png
NuInsSeg/a_full_set_5fold/fold_2/tissue_images/human_salivory_11.png,NuInsSeg/a_full_set_5fold/fold_2/binary_masks/human_salivory_11.png
NuInsSeg/a_full_set_5fold/fold_2/tissue_images/human_salivory_12.png,NuInsSeg/a_full_set_5fold/fold_2/binary_masks/human_salivory_12.png
NuInsSeg/a_full_set_5fold/fold_2/tissue_images/human_salivory_15.png,NuInsSeg/a_full_set_5fold/fold_2/binary_masks/human_salivory_15.png
NuInsSeg/a_full_set_5fold/fold_2/tissue_images/human_salivory_16.png,NuInsSeg/a_full_set_5fold/fold_2/binary_masks/human_salivory_16.png
NuInsSeg/a_full_set_5fold/fold_2/tissue_images/human_salivory_18.png,NuInsSeg/a_full_set_5fold/fold_2/binary_masks/human_salivory_18.png
NuInsSeg/a_full_set_5fold/fold_2/tissue_images/human_salivory_23.png,NuInsSeg/a_full_set_5fold/fold_2/binary_masks/human_salivory_23.png
NuInsSeg/a_full_set_5fold/fold_2/tissue_images/human_salivory_24.png,NuInsSeg/a_full_set_5fold/fold_2/binary_masks/human_salivory_24.png
NuInsSeg/a_full_set_5fold/fold_2/tissue_images/human_salivory_29.png,NuInsSeg/a_full_set_5fold/fold_2/binary_masks/human_salivory_29.png
NuInsSeg/a_full_set_5fold/fold_2/tissue_images/human_salivory_42.png,NuInsSeg/a_full_set_5fold/fold_2/binary_masks/human_salivory_42.png
NuInsSeg/a_full_set_5fold/fold_2/tissue_images/human_spleen_13.png,NuInsSeg/a_full_set_5fold/fold_2/binary_masks/human_spleen_13.png
NuInsSeg/a_full_set_5fold/fold_2/tissue_images/human_spleen_14.png,NuInsSeg/a_full_set_5fold/fold_2/binary_masks/human_spleen_14.png
NuInsSeg/a_full_set_5fold/fold_2/tissue_images/human_spleen_21.png,NuInsSeg/a_full_set_5fold/fold_2/binary_masks/human_spleen_21.png
NuInsSeg/a_full_set_5fold/fold_2/tissue_images/human_spleen_22.png,NuInsSeg/a_full_set_5fold/fold_2/binary_masks/human_spleen_22.png
NuInsSeg/a_full_set_5fold/fold_2/tissue_images/human_spleen_25.png,NuInsSeg/a_full_set_5fold/fold_2/binary_masks/human_spleen_25.png
NuInsSeg/a_full_set_5fold/fold_2/tissue_images/human_spleen_26.png,NuInsSeg/a_full_set_5fold/fold_2/binary_masks/human_spleen_26.png
NuInsSeg/a_full_set_5fold/fold_2/tissue_images/human_testis_3.png,NuInsSeg/a_full_set_5fold/fold_2/binary_masks/human_testis_3.png
NuInsSeg/a_full_set_5fold/fold_2/tissue_images/human_testis_6.png,NuInsSeg/a_full_set_5fold/fold_2/binary_masks/human_testis_6.png
NuInsSeg/a_full_set_5fold/fold_2/tissue_images/human_testis_8.png,NuInsSeg/a_full_set_5fold/fold_2/binary_masks/human_testis_8.png
NuInsSeg/a_full_set_5fold/fold_2/tissue_images/human_tongue_12.png,NuInsSeg/a_full_set_5fold/fold_2/binary_masks/human_tongue_12.png
NuInsSeg/a_full_set_5fold/fold_2/tissue_images/human_tongue_15.png,NuInsSeg/a_full_set_5fold/fold_2/binary_masks/human_tongue_15.png
NuInsSeg/a_full_set_5fold/fold_2/tissue_images/human_tongue_16.png,NuInsSeg/a_full_set_5fold/fold_2/binary_masks/human_tongue_16.png
NuInsSeg/a_full_set_5fold/fold_2/tissue_images/human_tongue_18.png,NuInsSeg/a_full_set_5fold/fold_2/binary_masks/human_tongue_18.png
NuInsSeg/a_full_set_5fold/fold_2/tissue_images/human_tongue_23.png,NuInsSeg/a_full_set_5fold/fold_2/binary_masks/human_tongue_23.png
NuInsSeg/a_full_set_5fold/fold_2/tissue_images/human_tongue_24.png,NuInsSeg/a_full_set_5fold/fold_2/binary_masks/human_tongue_24.png
NuInsSeg/a_full_set_5fold/fold_2/tissue_images/human_tongue_27.png,NuInsSeg/a_full_set_5fold/fold_2/binary_masks/human_tongue_27.png
NuInsSeg/a_full_set_5fold/fold_2/tissue_images/human_tongue_29.png,NuInsSeg/a_full_set_5fold/fold_2/binary_masks/human_tongue_29.png
NuInsSeg/a_full_set_5fold/fold_2/tissue_images/human_tonsile_10.png,NuInsSeg/a_full_set_5fold/fold_2/binary_masks/human_tonsile_10.png
NuInsSeg/a_full_set_5fold/fold_2/tissue_images/human_tonsile_7.png,NuInsSeg/a_full_set_5fold/fold_2/binary_masks/human_tonsile_7.png
NuInsSeg/a_full_set_5fold/fold_2/tissue_images/human_umbilical_cord_01.png,NuInsSeg/a_full_set_5fold/fold_2/binary_masks/human_umbilical_cord_01.png
NuInsSeg/a_full_set_5fold/fold_2/tissue_images/human_umbilical_cord_06.png,NuInsSeg/a_full_set_5fold/fold_2/binary_masks/human_umbilical_cord_06.png
NuInsSeg/a_full_set_5fold/fold_2/tissue_images/mouse_femur_01.png,NuInsSeg/a_full_set_5fold/fold_2/binary_masks/mouse_femur_01.png
NuInsSeg/a_full_set_5fold/fold_2/tissue_images/mouse_femur_02.png,NuInsSeg/a_full_set_5fold/fold_2/binary_masks/mouse_femur_02.png
NuInsSeg/a_full_set_5fold/fold_2/tissue_images/mouse_heart_11.png,NuInsSeg/a_full_set_5fold/fold_2/binary_masks/mouse_heart_11.png
NuInsSeg/a_full_set_5fold/fold_2/tissue_images/mouse_heart_16.png,NuInsSeg/a_full_set_5fold/fold_2/binary_masks/mouse_heart_16.png
NuInsSeg/a_full_set_5fold/fold_2/tissue_images/mouse_heart_18.png,NuInsSeg/a_full_set_5fold/fold_2/binary_masks/mouse_heart_18.png
NuInsSeg/a_full_set_5fold/fold_2/tissue_images/mouse_heart_23.png,NuInsSeg/a_full_set_5fold/fold_2/binary_masks/mouse_heart_23.png
NuInsSeg/a_full_set_5fold/fold_2/tissue_images/mouse_heart_24.png,NuInsSeg/a_full_set_5fold/fold_2/binary_masks/mouse_heart_24.png
NuInsSeg/a_full_set_5fold/fold_2/tissue_images/mouse_kidney_12.png,NuInsSeg/a_full_set_5fold/fold_2/binary_masks/mouse_kidney_12.png
NuInsSeg/a_full_set_5fold/fold_2/tissue_images/mouse_kidney_15.png,NuInsSeg/a_full_set_5fold/fold_2/binary_masks/mouse_kidney_15.png
NuInsSeg/a_full_set_5fold/fold_2/tissue_images/mouse_kidney_16.png,NuInsSeg/a_full_set_5fold/fold_2/binary_masks/mouse_kidney_16.png
NuInsSeg/a_full_set_5fold/fold_2/tissue_images/mouse_kidney_18.png,NuInsSeg/a_full_set_5fold/fold_2/binary_masks/mouse_kidney_18.png
NuInsSeg/a_full_set_5fold/fold_2/tissue_images/mouse_kidney_23.png,NuInsSeg/a_full_set_5fold/fold_2/binary_masks/mouse_kidney_23.png
NuInsSeg/a_full_set_5fold/fold_2/tissue_images/mouse_kidney_24.png,NuInsSeg/a_full_set_5fold/fold_2/binary_masks/mouse_kidney_24.png
NuInsSeg/a_full_set_5fold/fold_2/tissue_images/mouse_kidney_27.png,NuInsSeg/a_full_set_5fold/fold_2/binary_masks/mouse_kidney_27.png
NuInsSeg/a_full_set_5fold/fold_2/tissue_images/mouse_kidney_29.png,NuInsSeg/a_full_set_5fold/fold_2/binary_masks/mouse_kidney_29.png
NuInsSeg/a_full_set_5fold/fold_2/tissue_images/mouse_liver_10.png,NuInsSeg/a_full_set_5fold/fold_2/binary_masks/mouse_liver_10.png
NuInsSeg/a_full_set_5fold/fold_2/tissue_images/mouse_liver_17.png,NuInsSeg/a_full_set_5fold/fold_2/binary_masks/mouse_liver_17.png
NuInsSeg/a_full_set_5fold/fold_2/tissue_images/mouse_liver_19.png,NuInsSeg/a_full_set_5fold/fold_2/binary_masks/mouse_liver_19.png
NuInsSeg/a_full_set_5fold/fold_2/tissue_images/mouse_liver_21.png,NuInsSeg/a_full_set_5fold/fold_2/binary_masks/mouse_liver_21.png
NuInsSeg/a_full_set_5fold/fold_2/tissue_images/mouse_liver_22.png,NuInsSeg/a_full_set_5fold/fold_2/binary_masks/mouse_liver_22.png
NuInsSeg/a_full_set_5fold/fold_2/tissue_images/mouse_liver_26.png,NuInsSeg/a_full_set_5fold/fold_2/binary_masks/mouse_liver_26.png
NuInsSeg/a_full_set_5fold/fold_2/tissue_images/mouse_liver_28.png,NuInsSeg/a_full_set_5fold/fold_2/binary_masks/mouse_liver_28.png
NuInsSeg/a_full_set_5fold/fold_2/tissue_images/mouse_muscle_tibia_03.png,NuInsSeg/a_full_set_5fold/fold_2/binary_masks/mouse_muscle_tibia_03.png
NuInsSeg/a_full_set_5fold/fold_2/tissue_images/mouse_muscle_tibia_10.png,NuInsSeg/a_full_set_5fold/fold_2/binary_masks/mouse_muscle_tibia_10.png
NuInsSeg/a_full_set_5fold/fold_2/tissue_images/mouse_muscle_tibia_17.png,NuInsSeg/a_full_set_5fold/fold_2/binary_masks/mouse_muscle_tibia_17.png
NuInsSeg/a_full_set_5fold/fold_2/tissue_images/mouse_muscle_tibia_19.png,NuInsSeg/a_full_set_5fold/fold_2/binary_masks/mouse_muscle_tibia_19.png
NuInsSeg/a_full_set_5fold/fold_2/tissue_images/mouse_muscle_tibia_22.png,NuInsSeg/a_full_set_5fold/fold_2/binary_masks/mouse_muscle_tibia_22.png
NuInsSeg/a_full_set_5fold/fold_2/tissue_images/mouse_muscle_tibia_25.png,NuInsSeg/a_full_set_5fold/fold_2/binary_masks/mouse_muscle_tibia_25.png
NuInsSeg/a_full_set_5fold/fold_2/tissue_images/mouse_spleen_07.png,NuInsSeg/a_full_set_5fold/fold_2/binary_masks/mouse_spleen_07.png
NuInsSeg/a_full_set_5fold/fold_2/tissue_images/mouse_subscapula_01.png,NuInsSeg/a_full_set_5fold/fold_2/binary_masks/mouse_subscapula_01.png
NuInsSeg/a_full_set_5fold/fold_2/tissue_images/mouse_subscapula_06.png,NuInsSeg/a_full_set_5fold/fold_2/binary_masks/mouse_subscapula_06.png
NuInsSeg/a_full_set_5fold/fold_2/tissue_images/mouse_subscapula_08.png,NuInsSeg/a_full_set_5fold/fold_2/binary_masks/mouse_subscapula_08.png
NuInsSeg/a_full_set_5fold/fold_2/tissue_images/mouse_subscapula_12.png,NuInsSeg/a_full_set_5fold/fold_2/binary_masks/mouse_subscapula_12.png
NuInsSeg/a_full_set_5fold/fold_2/tissue_images/mouse_subscapula_30.png,NuInsSeg/a_full_set_5fold/fold_2/binary_masks/mouse_subscapula_30.png
NuInsSeg/a_full_set_5fold/fold_2/tissue_images/mouse_subscapula_34.png,NuInsSeg/a_full_set_5fold/fold_2/binary_masks/mouse_subscapula_34.png
NuInsSeg/a_full_set_5fold/fold_2/tissue_images/mouse_subscapula_37.png,NuInsSeg/a_full_set_5fold/fold_2/binary_masks/mouse_subscapula_37.png
NuInsSeg/a_full_set_5fold/fold_2/tissue_images/mouse_subscapula_41.png,NuInsSeg/a_full_set_5fold/fold_2/binary_masks/mouse_subscapula_41.png
NuInsSeg/a_full_set_5fold/fold_2/tissue_images/mouse_subscapula_42.png,NuInsSeg/a_full_set_5fold/fold_2/binary_masks/mouse_subscapula_42.png
NuInsSeg/a_full_set_5fold/fold_2/tissue_images/mouse_thymus_03.png,NuInsSeg/a_full_set_5fold/fold_2/binary_masks/mouse_thymus_03.png
NuInsSeg/a_full_set_5fold/fold_3/tissue_images/human_bladder_11.png,NuInsSeg/a_full_set_5fold/fold_3/binary_masks/human_bladder_11.png
NuInsSeg/a_full_set_5fold/fold_3/tissue_images/human_bladder_12.png,NuInsSeg/a_full_set_5fold/fold_3/binary_masks/human_bladder_12.png
NuInsSeg/a_full_set_5fold/fold_3/tissue_images/human_brain_1.png,NuInsSeg/a_full_set_5fold/fold_3/binary_masks/human_brain_1.png
NuInsSeg/a_full_set_5fold/fold_3/tissue_images/human_brain_6.png,NuInsSeg/a_full_set_5fold/fold_3/binary_masks/human_brain_6.png
NuInsSeg/a_full_set_5fold/fold_3/tissue_images/human_brain_9.png,NuInsSeg/a_full_set_5fold/fold_3/binary_masks/human_brain_9.png
NuInsSeg/a_full_set_5fold/fold_3/tissue_images/human_cardia_3.png,NuInsSeg/a_full_set_5fold/fold_3/binary_masks/human_cardia_3.png
NuInsSeg/a_full_set_5fold/fold_3/tissue_images/human_cardia_4.png,NuInsSeg/a_full_set_5fold/fold_3/binary_masks/human_cardia_4.png
NuInsSeg/a_full_set_5fold/fold_3/tissue_images/human_cerebellum_6.png,NuInsSeg/a_full_set_5fold/fold_3/binary_masks/human_cerebellum_6.png
NuInsSeg/a_full_set_5fold/fold_3/tissue_images/human_cerebellum_8.png,NuInsSeg/a_full_set_5fold/fold_3/binary_masks/human_cerebellum_8.png
NuInsSeg/a_full_set_5fold/fold_3/tissue_images/human_epiglottis_2.png,NuInsSeg/a_full_set_5fold/fold_3/binary_masks/human_epiglottis_2.png
NuInsSeg/a_full_set_5fold/fold_3/tissue_images/human_epiglottis_3.png,NuInsSeg/a_full_set_5fold/fold_3/binary_masks/human_epiglottis_3.png
NuInsSeg/a_full_set_5fold/fold_3/tissue_images/human_epiglottis_4.png,NuInsSeg/a_full_set_5fold/fold_3/binary_masks/human_epiglottis_4.png
NuInsSeg/a_full_set_5fold/fold_3/tissue_images/human_jejunum_03.png,NuInsSeg/a_full_set_5fold/fold_3/binary_masks/human_jejunum_03.png
NuInsSeg/a_full_set_5fold/fold_3/tissue_images/human_jejunum_04.png,NuInsSeg/a_full_set_5fold/fold_3/binary_masks/human_jejunum_04.png
NuInsSeg/a_full_set_5fold/fold_3/tissue_images/human_kidney_01.png,NuInsSeg/a_full_set_5fold/fold_3/binary_masks/human_kidney_01.png
NuInsSeg/a_full_set_5fold/fold_3/tissue_images/human_kidney_10.png,NuInsSeg/a_full_set_5fold/fold_3/binary_masks/human_kidney_10.png
NuInsSeg/a_full_set_5fold/fold_3/tissue_images/human_liver_03.png,NuInsSeg/a_full_set_5fold/fold_3/binary_masks/human_liver_03.png
NuInsSeg/a_full_set_5fold/fold_3/tissue_images/human_liver_04.png,NuInsSeg/a_full_set_5fold/fold_3/binary_masks/human_liver_04.png
NuInsSeg/a_full_set_5fold/fold_3/tissue_images/human_liver_12.png,NuInsSeg/a_full_set_5fold/fold_3/binary_masks/human_liver_12.png
NuInsSeg/a_full_set_5fold/fold_3/tissue_images/human_liver_13.png,NuInsSeg/a_full_set_5fold/fold_3/binary_masks/human_liver_13.png
NuInsSeg/a_full_set_5fold/fold_3/tissue_images/human_liver_14.png,NuInsSeg/a_full_set_5fold/fold_3/binary_masks/human_liver_14.png
NuInsSeg/a_full_set_5fold/fold_3/tissue_images/human_liver_31.png,NuInsSeg/a_full_set_5fold/fold_3/binary_masks/human_liver_31.png
NuInsSeg/a_full_set_5fold/fold_3/tissue_images/human_liver_36.png,NuInsSeg/a_full_set_5fold/fold_3/binary_masks/human_liver_36.png
NuInsSeg/a_full_set_5fold/fold_3/tissue_images/human_liver_38.png,NuInsSeg/a_full_set_5fold/fold_3/binary_masks/human_liver_38.png
NuInsSeg/a_full_set_5fold/fold_3/tissue_images/human_lung_3.png,NuInsSeg/a_full_set_5fold/fold_3/binary_masks/human_lung_3.png
NuInsSeg/a_full_set_5fold/fold_3/tissue_images/human_lung_4.png,NuInsSeg/a_full_set_5fold/fold_3/binary_masks/human_lung_4.png
NuInsSeg/a_full_set_5fold/fold_3/tissue_images/human_melanoma_01.png,NuInsSeg/a_full_set_5fold/fold_3/binary_masks/human_melanoma_01.png
NuInsSeg/a_full_set_5fold/fold_3/tissue_images/human_melanoma_06.png,NuInsSeg/a_full_set_5fold/fold_3/binary_masks/human_melanoma_06.png
NuInsSeg/a_full_set_5fold/fold_3/tissue_images/human_muscle_1.png,NuInsSeg/a_full_set_5fold/fold_3/binary_masks/human_muscle_1.png
NuInsSeg/a_full_set_5fold/fold_3/tissue_images/human_muscle_3.png,NuInsSeg/a_full_set_5fold/fold_3/binary_masks/human_muscle_3.png
NuInsSeg/a_full_set_5fold/fold_3/tissue_images/human_oesophagus_03.png,NuInsSeg/a_full_set_5fold/fold_3/binary_masks/human_oesophagus_03.png
NuInsSeg/a_full_set_5fold/fold_3/tissue_images/human_oesophagus_04.png,NuInsSeg/a_full_set_5fold/fold_3/binary_masks/human_oesophagus_04.png
NuInsSeg/a_full_set_5fold/fold_3/tissue_images/human_oesophagus_05.png,NuInsSeg/a_full_set_5fold/fold_3/binary_masks/human_oesophagus_05.png
NuInsSeg/a_full_set_5fold/fold_3/tissue_images/human_oesophagus_12.png,NuInsSeg/a_full_set_5fold/fold_3/binary_masks/human_oesophagus_12.png
NuInsSeg/a_full_set_5fold/fold_3/tissue_images/human_oesophagus_13.png,NuInsSeg/a_full_set_5fold/fold_3/binary_masks/human_oesophagus_13.png
NuInsSeg/a_full_set_5fold/fold_3/tissue_images/human_oesophagus_31.png,NuInsSeg/a_full_set_5fold/fold_3/binary_masks/human_oesophagus_31.png
NuInsSeg/a_full_set_5fold/fold_3/tissue_images/human_oesophagus_36.png,NuInsSeg/a_full_set_5fold/fold_3/binary_masks/human_oesophagus_36.png
NuInsSeg/a_full_set_5fold/fold_3/tissue_images/human_oesophagus_38.png,NuInsSeg/a_full_set_5fold/fold_3/binary_masks/human_oesophagus_38.png
NuInsSeg/a_full_set_5fold/fold_3/tissue_images/human_oesophagus_43.png,NuInsSeg/a_full_set_5fold/fold_3/binary_masks/human_oesophagus_43.png
NuInsSeg/a_full_set_5fold/fold_3/tissue_images/human_oesophagus_44.png,NuInsSeg/a_full_set_5fold/fold_3/binary_masks/human_oesophagus_44.png
NuInsSeg/a_full_set_5fold/fold_3/tissue_images/human_pancreas_02.png,NuInsSeg/a_full_set_5fold/fold_3/binary_masks/human_pancreas_02.png
NuInsSeg/a_full_set_5fold/fold_3/tissue_images/human_pancreas_05.png,NuInsSeg/a_full_set_5fold/fold_3/binary_masks/human_pancreas_05.png
NuInsSeg/a_full_set_5fold/fold_3/tissue_images/human_pancreas_13.png,NuInsSeg/a_full_set_5fold/fold_3/binary_masks/human_pancreas_13.png
NuInsSeg/a_full_set_5fold/fold_3/tissue_images/human_pancreas_14.png,NuInsSeg/a_full_set_5fold/fold_3/binary_masks/human_pancreas_14.png
NuInsSeg/a_full_set_5fold/fold_3/tissue_images/human_pancreas_21.png,NuInsSeg/a_full_set_5fold/fold_3/binary_masks/human_pancreas_21.png
NuInsSeg/a_full_set_5fold/fold_3/tissue_images/human_pancreas_26.png,NuInsSeg/a_full_set_5fold/fold_3/binary_masks/human_pancreas_26.png
NuInsSeg/a_full_set_5fold/fold_3/tissue_images/human_pancreas_28.png,NuInsSeg/a_full_set_5fold/fold_3/binary_masks/human_pancreas_28.png
NuInsSeg/a_full_set_5fold/fold_3/tissue_images/human_pancreas_30.png,NuInsSeg/a_full_set_5fold/fold_3/binary_masks/human_pancreas_30.png
NuInsSeg/a_full_set_5fold/fold_3/tissue_images/human_peritoneum_1.png,NuInsSeg/a_full_set_5fold/fold_3/binary_masks/human_peritoneum_1.png
NuInsSeg/a_full_set_5fold/fold_3/tissue_images/human_peritoneum_6.png,NuInsSeg/a_full_set_5fold/fold_3/binary_masks/human_peritoneum_6.png
NuInsSeg/a_full_set_5fold/fold_3/tissue_images/human_peritoneum_7.png,NuInsSeg/a_full_set_5fold/fold_3/binary_masks/human_peritoneum_7.png
NuInsSeg/a_full_set_5fold/fold_3/tissue_images/human_placenta_03.png,NuInsSeg/a_full_set_5fold/fold_3/binary_masks/human_placenta_03.png
NuInsSeg/a_full_set_5fold/fold_3/tissue_images/human_placenta_04.png,NuInsSeg/a_full_set_5fold/fold_3/binary_masks/human_placenta_04.png
NuInsSeg/a_full_set_5fold/fold_3/tissue_images/human_placenta_13.png,NuInsSeg/a_full_set_5fold/fold_3/binary_masks/human_placenta_13.png
NuInsSeg/a_full_set_5fold/fold_3/tissue_images/human_placenta_14.png,NuInsSeg/a_full_set_5fold/fold_3/binary_masks/human_placenta_14.png
NuInsSeg/a_full_set_5fold/fold_3/tissue_images/human_placenta_15.png,NuInsSeg/a_full_set_5fold/fold_3/binary_masks/human_placenta_15.png
NuInsSeg/a_full_set_5fold/fold_3/tissue_images/human_placenta_31.png,NuInsSeg/a_full_set_5fold/fold_3/binary_masks/human_placenta_31.png
NuInsSeg/a_full_set_5fold/fold_3/tissue_images/human_placenta_36.png,NuInsSeg/a_full_set_5fold/fold_3/binary_masks/human_placenta_36.png
NuInsSeg/a_full_set_5fold/fold_3/tissue_images/human_placenta_38.png,NuInsSeg/a_full_set_5fold/fold_3/binary_masks/human_placenta_38.png
NuInsSeg/a_full_set_5fold/fold_3/tissue_images/human_pylorus_12.png,NuInsSeg/a_full_set_5fold/fold_3/binary_masks/human_pylorus_12.png
NuInsSeg/a_full_set_5fold/fold_3/tissue_images/human_pylorus_8.png,NuInsSeg/a_full_set_5fold/fold_3/binary_masks/human_pylorus_8.png
NuInsSeg/a_full_set_5fold/fold_3/tissue_images/human_rectum_4.png,NuInsSeg/a_full_set_5fold/fold_3/binary_masks/human_rectum_4.png
NuInsSeg/a_full_set_5fold/fold_3/tissue_images/human_rectum_5.png,NuInsSeg/a_full_set_5fold/fold_3/binary_masks/human_rectum_5.png
NuInsSeg/a_full_set_5fold/fold_3/tissue_images/human_rectum_9.png,NuInsSeg/a_full_set_5fold/fold_3/binary_masks/human_rectum_9.png
NuInsSeg/a_full_set_5fold/fold_3/tissue_images/human_salivory_03.png,NuInsSeg/a_full_set_5fold/fold_3/binary_masks/human_salivory_03.png
NuInsSeg/a_full_set_5fold/fold_3/tissue_images/human_salivory_20.png,NuInsSeg/a_full_set_5fold/fold_3/binary_masks/human_salivory_20.png
NuInsSeg/a_full_set_5fold/fold_3/tissue_images/human_salivory_27.png,NuInsSeg/a_full_set_5fold/fold_3/binary_masks/human_salivory_27.png
NuInsSeg/a_full_set_5fold/fold_3/tissue_images/human_salivory_31.png,NuInsSeg/a_full_set_5fold/fold_3/binary_masks/human_salivory_31.png
NuInsSeg/a_full_set_5fold/fold_3/tissue_images/human_salivory_36.png,NuInsSeg/a_full_set_5fold/fold_3/binary_masks/human_salivory_36.png
NuInsSeg/a_full_set_5fold/fold_3/tissue_images/human_salivory_38.png,NuInsSeg/a_full_set_5fold/fold_3/binary_masks/human_salivory_38.png
NuInsSeg/a_full_set_5fold/fold_3/tissue_images/human_salivory_43.png,NuInsSeg/a_full_set_5fold/fold_3/binary_masks/human_salivory_43.png
NuInsSeg/a_full_set_5fold/fold_3/tissue_images/human_salivory_44.png,NuInsSeg/a_full_set_5fold/fold_3/binary_masks/human_salivory_44.png
NuInsSeg/a_full_set_5fold/fold_3/tissue_images/human_spleen_01.png,NuInsSeg/a_full_set_5fold/fold_3/binary_masks/human_spleen_01.png
NuInsSeg/a_full_set_5fold/fold_3/tissue_images/human_spleen_06.png,NuInsSeg/a_full_set_5fold/fold_3/binary_masks/human_spleen_06.png
NuInsSeg/a_full_set_5fold/fold_3/tissue_images/human_spleen_07.png,NuInsSeg/a_full_set_5fold/fold_3/binary_masks/human_spleen_07.png
NuInsSeg/a_full_set_5fold/fold_3/tissue_images/human_spleen_08.png,NuInsSeg/a_full_set_5fold/fold_3/binary_masks/human_spleen_08.png
NuInsSeg/a_full_set_5fold/fold_3/tissue_images/human_spleen_10.png,NuInsSeg/a_full_set_5fold/fold_3/binary_masks/human_spleen_10.png
NuInsSeg/a_full_set_5fold/fold_3/tissue_images/human_spleen_17.png,NuInsSeg/a_full_set_5fold/fold_3/binary_masks/human_spleen_17.png
NuInsSeg/a_full_set_5fold/fold_3/tissue_images/human_spleen_19.png,NuInsSeg/a_full_set_5fold/fold_3/binary_masks/human_spleen_19.png
NuInsSeg/a_full_set_5fold/fold_3/tissue_images/human_testis_2.png,NuInsSeg/a_full_set_5fold/fold_3/binary_masks/human_testis_2.png
NuInsSeg/a_full_set_5fold/fold_3/tissue_images/human_testis_4.png,NuInsSeg/a_full_set_5fold/fold_3/binary_masks/human_testis_4.png
NuInsSeg/a_full_set_5fold/fold_3/tissue_images/human_testis_5.png,NuInsSeg/a_full_set_5fold/fold_3/binary_masks/human_testis_5.png
NuInsSeg/a_full_set_5fold/fold_3/tissue_images/human_tongue_07.png,NuInsSeg/a_full_set_5fold/fold_3/binary_masks/human_tongue_07.png
NuInsSeg/a_full_set_5fold/fold_3/tissue_images/human_tongue_09.png,NuInsSeg/a_full_set_5fold/fold_3/binary_masks/human_tongue_09.png
NuInsSeg/a_full_set_5fold/fold_3/tissue_images/human_tongue_10.png,NuInsSeg/a_full_set_5fold/fold_3/binary_masks/human_tongue_10.png
NuInsSeg/a_full_set_5fold/fold_3/tissue_images/human_tongue_11.png,NuInsSeg/a_full_set_5fold/fold_3/binary_masks/human_tongue_11.png
NuInsSeg/a_full_set_5fold/fold_3/tissue_images/human_tongue_17.png,NuInsSeg/a_full_set_5fold/fold_3/binary_masks/human_tongue_17.png
NuInsSeg/a_full_set_5fold/fold_3/tissue_images/human_tongue_32.png,NuInsSeg/a_full_set_5fold/fold_3/binary_masks/human_tongue_32.png
NuInsSeg/a_full_set_5fold/fold_3/tissue_images/human_tongue_35.png,NuInsSeg/a_full_set_5fold/fold_3/binary_masks/human_tongue_35.png
NuInsSeg/a_full_set_5fold/fold_3/tissue_images/human_tongue_40.png,NuInsSeg/a_full_set_5fold/fold_3/binary_masks/human_tongue_40.png
NuInsSeg/a_full_set_5fold/fold_3/tissue_images/human_tonsile_4.png,NuInsSeg/a_full_set_5fold/fold_3/binary_masks/human_tonsile_4.png
NuInsSeg/a_full_set_5fold/fold_3/tissue_images/human_tonsile_9.png,NuInsSeg/a_full_set_5fold/fold_3/binary_masks/human_tonsile_9.png
NuInsSeg/a_full_set_5fold/fold_3/tissue_images/human_umbilical_cord_08.png,NuInsSeg/a_full_set_5fold/fold_3/binary_masks/human_umbilical_cord_08.png
NuInsSeg/a_full_set_5fold/fold_3/tissue_images/human_umbilical_cord_10.png,NuInsSeg/a_full_set_5fold/fold_3/binary_masks/human_umbilical_cord_10.png
NuInsSeg/a_full_set_5fold/fold_3/tissue_images/mouse_femur_05.png,NuInsSeg/a_full_set_5fold/fold_3/binary_masks/mouse_femur_05.png
NuInsSeg/a_full_set_5fold/fold_3/tissue_images/mouse_heart_02.png,NuInsSeg/a_full_set_5fold/fold_3/binary_masks/mouse_heart_02.png
NuInsSeg/a_full_set_5fold/fold_3/tissue_images/mouse_heart_03.png,NuInsSeg/a_full_set_5fold/fold_3/binary_masks/mouse_heart_03.png
NuInsSeg/a_full_set_5fold/fold_3/tissue_images/mouse_heart_12.png,NuInsSeg/a_full_set_5fold/fold_3/binary_masks/mouse_heart_12.png
NuInsSeg/a_full_set_5fold/fold_3/tissue_images/mouse_heart_15.png,NuInsSeg/a_full_set_5fold/fold_3/binary_masks/mouse_heart_15.png
NuInsSeg/a_full_set_5fold/fold_3/tissue_images/mouse_heart_20.png,NuInsSeg/a_full_set_5fold/fold_3/binary_masks/mouse_heart_20.png
NuInsSeg/a_full_set_5fold/fold_3/tissue_images/mouse_heart_27.png,NuInsSeg/a_full_set_5fold/fold_3/binary_masks/mouse_heart_27.png
NuInsSeg/a_full_set_5fold/fold_3/tissue_images/mouse_kidney_07.png,NuInsSeg/a_full_set_5fold/fold_3/binary_masks/mouse_kidney_07.png
NuInsSeg/a_full_set_5fold/fold_3/tissue_images/mouse_kidney_09.png,NuInsSeg/a_full_set_5fold/fold_3/binary_masks/mouse_kidney_09.png
NuInsSeg/a_full_set_5fold/fold_3/tissue_images/mouse_kidney_10.png,NuInsSeg/a_full_set_5fold/fold_3/binary_masks/mouse_kidney_10.png
NuInsSeg/a_full_set_5fold/fold_3/tissue_images/mouse_kidney_11.png,NuInsSeg/a_full_set_5fold/fold_3/binary_masks/mouse_kidney_11.png
NuInsSeg/a_full_set_5fold/fold_3/tissue_images/mouse_kidney_17.png,NuInsSeg/a_full_set_5fold/fold_3/binary_masks/mouse_kidney_17.png
NuInsSeg/a_full_set_5fold/fold_3/tissue_images/mouse_kidney_32.png,NuInsSeg/a_full_set_5fold/fold_3/binary_masks/mouse_kidney_32.png
NuInsSeg/a_full_set_5fold/fold_3/tissue_images/mouse_kidney_35.png,NuInsSeg/a_full_set_5fold/fold_3/binary_masks/mouse_kidney_35.png
NuInsSeg/a_full_set_5fold/fold_3/tissue_images/mouse_kidney_40.png,NuInsSeg/a_full_set_5fold/fold_3/binary_masks/mouse_kidney_40.png
NuInsSeg/a_full_set_5fold/fold_3/tissue_images/mouse_liver_01.png,NuInsSeg/a_full_set_5fold/fold_3/binary_masks/mouse_liver_01.png
NuInsSeg/a_full_set_5fold/fold_3/tissue_images/mouse_liver_06.png,NuInsSeg/a_full_set_5fold/fold_3/binary_masks/mouse_liver_06.png
NuInsSeg/a_full_set_5fold/fold_3/tissue_images/mouse_liver_08.png,NuInsSeg/a_full_set_5fold/fold_3/binary_masks/mouse_liver_08.png
NuInsSeg/a_full_set_5fold/fold_3/tissue_images/mouse_liver_24.png,NuInsSeg/a_full_set_5fold/fold_3/binary_masks/mouse_liver_24.png
NuInsSeg/a_full_set_5fold/fold_3/tissue_images/mouse_liver_25.png,NuInsSeg/a_full_set_5fold/fold_3/binary_masks/mouse_liver_25.png
NuInsSeg/a_full_set_5fold/fold_3/tissue_images/mouse_liver_33.png,NuInsSeg/a_full_set_5fold/fold_3/binary_masks/mouse_liver_33.png
NuInsSeg/a_full_set_5fold/fold_3/tissue_images/mouse_liver_34.png,NuInsSeg/a_full_set_5fold/fold_3/binary_masks/mouse_liver_34.png
NuInsSeg/a_full_set_5fold/fold_3/tissue_images/mouse_muscle_tibia_04.png,NuInsSeg/a_full_set_5fold/fold_3/binary_masks/mouse_muscle_tibia_04.png
NuInsSeg/a_full_set_5fold/fold_3/tissue_images/mouse_muscle_tibia_13.png,NuInsSeg/a_full_set_5fold/fold_3/binary_masks/mouse_muscle_tibia_13.png
NuInsSeg/a_full_set_5fold/fold_3/tissue_images/mouse_muscle_tibia_14.png,NuInsSeg/a_full_set_5fold/fold_3/binary_masks/mouse_muscle_tibia_14.png
NuInsSeg/a_full_set_5fold/fold_3/tissue_images/mouse_muscle_tibia_21.png,NuInsSeg/a_full_set_5fold/fold_3/binary_masks/mouse_muscle_tibia_21.png
NuInsSeg/a_full_set_5fold/fold_3/tissue_images/mouse_muscle_tibia_26.png,NuInsSeg/a_full_set_5fold/fold_3/binary_masks/mouse_muscle_tibia_26.png
NuInsSeg/a_full_set_5fold/fold_3/tissue_images/mouse_muscle_tibia_28.png,NuInsSeg/a_full_set_5fold/fold_3/binary_masks/mouse_muscle_tibia_28.png
NuInsSeg/a_full_set_5fold/fold_3/tissue_images/mouse_spleen_03.png,NuInsSeg/a_full_set_5fold/fold_3/binary_masks/mouse_spleen_03.png
NuInsSeg/a_full_set_5fold/fold_3/tissue_images/mouse_subscapula_02.png,NuInsSeg/a_full_set_5fold/fold_3/binary_masks/mouse_subscapula_02.png
NuInsSeg/a_full_set_5fold/fold_3/tissue_images/mouse_subscapula_05.png,NuInsSeg/a_full_set_5fold/fold_3/binary_masks/mouse_subscapula_05.png
NuInsSeg/a_full_set_5fold/fold_3/tissue_images/mouse_subscapula_13.png,NuInsSeg/a_full_set_5fold/fold_3/binary_masks/mouse_subscapula_13.png
NuInsSeg/a_full_set_5fold/fold_3/tissue_images/mouse_subscapula_14.png,NuInsSeg/a_full_set_5fold/fold_3/binary_masks/mouse_subscapula_14.png
NuInsSeg/a_full_set_5fold/fold_3/tissue_images/mouse_subscapula_15.png,NuInsSeg/a_full_set_5fold/fold_3/binary_masks/mouse_subscapula_15.png
NuInsSeg/a_full_set_5fold/fold_3/tissue_images/mouse_subscapula_21.png,NuInsSeg/a_full_set_5fold/fold_3/binary_masks/mouse_subscapula_21.png
NuInsSeg/a_full_set_5fold/fold_3/tissue_images/mouse_subscapula_26.png,NuInsSeg/a_full_set_5fold/fold_3/binary_masks/mouse_subscapula_26.png
NuInsSeg/a_full_set_5fold/fold_3/tissue_images/mouse_subscapula_28.png,NuInsSeg/a_full_set_5fold/fold_3/binary_masks/mouse_subscapula_28.png
NuInsSeg/a_full_set_5fold/fold_3/tissue_images/mouse_subscapula_39.png,NuInsSeg/a_full_set_5fold/fold_3/binary_masks/mouse_subscapula_39.png
NuInsSeg/a_full_set_5fold/fold_3/tissue_images/mouse_thymus_04.png,NuInsSeg/a_full_set_5fold/fold_3/binary_masks/mouse_thymus_04.png
NuInsSeg/a_full_set_5fold/fold_4/tissue_images/human_bladder_03.png,NuInsSeg/a_full_set_5fold/fold_4/binary_masks/human_bladder_03.png
NuInsSeg/a_full_set_5fold/fold_4/tissue_images/human_bladder_04.png,NuInsSeg/a_full_set_5fold/fold_4/binary_masks/human_bladder_04.png
NuInsSeg/a_full_set_5fold/fold_4/tissue_images/human_brain_10.png,NuInsSeg/a_full_set_5fold/fold_4/binary_masks/human_brain_10.png
NuInsSeg/a_full_set_5fold/fold_4/tissue_images/human_brain_8.png,NuInsSeg/a_full_set_5fold/fold_4/binary_masks/human_brain_8.png
NuInsSeg/a_full_set_5fold/fold_4/tissue_images/human_cardia_10.png,NuInsSeg/a_full_set_5fold/fold_4/binary_masks/human_cardia_10.png
NuInsSeg/a_full_set_5fold/fold_4/tissue_images/human_cardia_11.png,NuInsSeg/a_full_set_5fold/fold_4/binary_masks/human_cardia_11.png
NuInsSeg/a_full_set_5fold/fold_4/tissue_images/human_cardia_2.png,NuInsSeg/a_full_set_5fold/fold_4/binary_masks/human_cardia_2.png
NuInsSeg/a_full_set_5fold/fold_4/tissue_images/human_cerebellum_1.png,NuInsSeg/a_full_set_5fold/fold_4/binary_masks/human_cerebellum_1.png
NuInsSeg/a_full_set_5fold/fold_4/tissue_images/human_cerebellum_12.png,NuInsSeg/a_full_set_5fold/fold_4/binary_masks/human_cerebellum_12.png
NuInsSeg/a_full_set_5fold/fold_4/tissue_images/human_epiglottis_10.png,NuInsSeg/a_full_set_5fold/fold_4/binary_masks/human_epiglottis_10.png
NuInsSeg/a_full_set_5fold/fold_4/tissue_images/human_epiglottis_5.png,NuInsSeg/a_full_set_5fold/fold_4/binary_masks/human_epiglottis_5.png
NuInsSeg/a_full_set_5fold/fold_4/tissue_images/human_jejunum_02.png,NuInsSeg/a_full_set_5fold/fold_4/binary_masks/human_jejunum_02.png
NuInsSeg/a_full_set_5fold/fold_4/tissue_images/human_jejunum_05.png,NuInsSeg/a_full_set_5fold/fold_4/binary_masks/human_jejunum_05.png
NuInsSeg/a_full_set_5fold/fold_4/tissue_images/human_kidney_07.png,NuInsSeg/a_full_set_5fold/fold_4/binary_masks/human_kidney_07.png
NuInsSeg/a_full_set_5fold/fold_4/tissue_images/human_kidney_09.png,NuInsSeg/a_full_set_5fold/fold_4/binary_masks/human_kidney_09.png
NuInsSeg/a_full_set_5fold/fold_4/tissue_images/human_kidney_11.png,NuInsSeg/a_full_set_5fold/fold_4/binary_masks/human_kidney_11.png
NuInsSeg/a_full_set_5fold/fold_4/tissue_images/human_liver_02.png,NuInsSeg/a_full_set_5fold/fold_4/binary_masks/human_liver_02.png
NuInsSeg/a_full_set_5fold/fold_4/tissue_images/human_liver_05.png,NuInsSeg/a_full_set_5fold/fold_4/binary_masks/human_liver_05.png
NuInsSeg/a_full_set_5fold/fold_4/tissue_images/human_liver_21.png,NuInsSeg/a_full_set_5fold/fold_4/binary_masks/human_liver_21.png
NuInsSeg/a_full_set_5fold/fold_4/tissue_images/human_liver_26.png,NuInsSeg/a_full_set_5fold/fold_4/binary_masks/human_liver_26.png
NuInsSeg/a_full_set_5fold/fold_4/tissue_images/human_liver_28.png,NuInsSeg/a_full_set_5fold/fold_4/binary_masks/human_liver_28.png
NuInsSeg/a_full_set_5fold/fold_4/tissue_images/human_liver_30.png,NuInsSeg/a_full_set_5fold/fold_4/binary_masks/human_liver_30.png
NuInsSeg/a_full_set_5fold/fold_4/tissue_images/human_liver_37.png,NuInsSeg/a_full_set_5fold/fold_4/binary_masks/human_liver_37.png
NuInsSeg/a_full_set_5fold/fold_4/tissue_images/human_liver_39.png,NuInsSeg/a_full_set_5fold/fold_4/binary_masks/human_liver_39.png
NuInsSeg/a_full_set_5fold/fold_4/tissue_images/human_lung_10.png,NuInsSeg/a_full_set_5fold/fold_4/binary_masks/human_lung_10.png
NuInsSeg/a_full_set_5fold/fold_4/tissue_images/human_lung_11.png,NuInsSeg/a_full_set_5fold/fold_4/binary_masks/human_lung_11.png
NuInsSeg/a_full_set_5fold/fold_4/tissue_images/human_melanoma_08.png,NuInsSeg/a_full_set_5fold/fold_4/binary_masks/human_melanoma_08.png
NuInsSeg/a_full_set_5fold/fold_4/tissue_images/human_melanoma_11.png,NuInsSeg/a_full_set_5fold/fold_4/binary_masks/human_melanoma_11.png
NuInsSeg/a_full_set_5fold/fold_4/tissue_images/human_muscle_6.png,NuInsSeg/a_full_set_5fold/fold_4/binary_masks/human_muscle_6.png
NuInsSeg/a_full_set_5fold/fold_4/tissue_images/human_muscle_9.png,NuInsSeg/a_full_set_5fold/fold_4/binary_masks/human_muscle_9.png
NuInsSeg/a_full_set_5fold/fold_4/tissue_images/human_oesophagus_14.png,NuInsSeg/a_full_set_5fold/fold_4/binary_masks/human_oesophagus_14.png
NuInsSeg/a_full_set_5fold/fold_4/tissue_images/human_oesophagus_21.png,NuInsSeg/a_full_set_5fold/fold_4/binary_masks/human_oesophagus_21.png
NuInsSeg/a_full_set_5fold/fold_4/tissue_images/human_oesophagus_26.png,NuInsSeg/a_full_set_5fold/fold_4/binary_masks/human_oesophagus_26.png
NuInsSeg/a_full_set_5fold/fold_4/tissue_images/human_oesophagus_28.png,NuInsSeg/a_full_set_5fold/fold_4/binary_masks/human_oesophagus_28.png
NuInsSeg/a_full_set_5fold/fold_4/tissue_images/human_oesophagus_30.png,NuInsSeg/a_full_set_5fold/fold_4/binary_masks/human_oesophagus_30.png
NuInsSeg/a_full_set_5fold/fold_4/tissue_images/human_oesophagus_37.png,NuInsSeg/a_full_set_5fold/fold_4/binary_masks/human_oesophagus_37.png
NuInsSeg/a_full_set_5fold/fold_4/tissue_images/human_oesophagus_39.png,NuInsSeg/a_full_set_5fold/fold_4/binary_masks/human_oesophagus_39.png
NuInsSeg/a_full_set_5fold/fold_4/tissue_images/human_oesophagus_42.png,NuInsSeg/a_full_set_5fold/fold_4/binary_masks/human_oesophagus_42.png
NuInsSeg/a_full_set_5fold/fold_4/tissue_images/human_oesophagus_45.png,NuInsSeg/a_full_set_5fold/fold_4/binary_masks/human_oesophagus_45.png
NuInsSeg/a_full_set_5fold/fold_4/tissue_images/human_pancreas_03.png,NuInsSeg/a_full_set_5fold/fold_4/binary_masks/human_pancreas_03.png
NuInsSeg/a_full_set_5fold/fold_4/tissue_images/human_pancreas_04.png,NuInsSeg/a_full_set_5fold/fold_4/binary_masks/human_pancreas_04.png
NuInsSeg/a_full_set_5fold/fold_4/tissue_images/human_pancreas_12.png,NuInsSeg/a_full_set_5fold/fold_4/binary_masks/human_pancreas_12.png
NuInsSeg/a_full_set_5fold/fold_4/tissue_images/human_pancreas_29.png,NuInsSeg/a_full_set_5fold/fold_4/binary_masks/human_pancreas_29.png
NuInsSeg/a_full_set_5fold/fold_4/tissue_images/human_pancreas_31.png,NuInsSeg/a_full_set_5fold/fold_4/binary_masks/human_pancreas_31.png
NuInsSeg/a_full_set_5fold/fold_4/tissue_images/human_pancreas_36.png,NuInsSeg/a_full_set_5fold/fold_4/binary_masks/human_pancreas_36.png
NuInsSeg/a_full_set_5fold/fold_4/tissue_images/human_pancreas_38.png,NuInsSeg/a_full_set_5fold/fold_4/binary_masks/human_pancreas_38.png
NuInsSeg/a_full_set_5fold/fold_4/tissue_images/human_pancreas_43.png,NuInsSeg/a_full_set_5fold/fold_4/binary_masks/human_pancreas_43.png
NuInsSeg/a_full_set_5fold/fold_4/tissue_images/human_pancreas_44.png,NuInsSeg/a_full_set_5fold/fold_4/binary_masks/human_pancreas_44.png
NuInsSeg/a_full_set_5fold/fold_4/tissue_images/human_peritoneum_12.png,NuInsSeg/a_full_set_5fold/fold_4/binary_masks/human_peritoneum_12.png
NuInsSeg/a_full_set_5fold/fold_4/tissue_images/human_peritoneum_8.png,NuInsSeg/a_full_set_5fold/fold_4/binary_masks/human_peritoneum_8.png
NuInsSeg/a_full_set_5fold/fold_4/tissue_images/human_peritoneum_9.png,NuInsSeg/a_full_set_5fold/fold_4/binary_masks/human_peritoneum_9.png
NuInsSeg/a_full_set_5fold/fold_4/tissue_images/human_placenta_02.png,NuInsSeg/a_full_set_5fold/fold_4/binary_masks/human_placenta_02.png
NuInsSeg/a_full_set_5fold/fold_4/tissue_images/human_placenta_05.png,NuInsSeg/a_full_set_5fold/fold_4/binary_masks/human_placenta_05.png
NuInsSeg/a_full_set_5fold/fold_4/tissue_images/human_placenta_21.png,NuInsSeg/a_full_set_5fold/fold_4/binary_masks/human_placenta_21.png
NuInsSeg/a_full_set_5fold/fold_4/tissue_images/human_placenta_26.png,NuInsSeg/a_full_set_5fold/fold_4/binary_masks/human_placenta_26.png
NuInsSeg/a_full_set_5fold/fold_4/tissue_images/human_placenta_28.png,NuInsSeg/a_full_set_5fold/fold_4/binary_masks/human_placenta_28.png
NuInsSeg/a_full_set_5fold/fold_4/tissue_images/human_placenta_30.png,NuInsSeg/a_full_set_5fold/fold_4/binary_masks/human_placenta_30.png
NuInsSeg/a_full_set_5fold/fold_4/tissue_images/human_placenta_37.png,NuInsSeg/a_full_set_5fold/fold_4/binary_masks/human_placenta_37.png
NuInsSeg/a_full_set_5fold/fold_4/tissue_images/human_placenta_39.png,NuInsSeg/a_full_set_5fold/fold_4/binary_masks/human_placenta_39.png
NuInsSeg/a_full_set_5fold/fold_4/tissue_images/human_pylorus_1.png,NuInsSeg/a_full_set_5fold/fold_4/binary_masks/human_pylorus_1.png
NuInsSeg/a_full_set_5fold/fold_4/tissue_images/human_pylorus_6.png,NuInsSeg/a_full_set_5fold/fold_4/binary_masks/human_pylorus_6.png
NuInsSeg/a_full_set_5fold/fold_4/tissue_images/human_rectum_12.png,NuInsSeg/a_full_set_5fold/fold_4/binary_masks/human_rectum_12.png
NuInsSeg/a_full_set_5fold/fold_4/tissue_images/human_rectum_3.png,NuInsSeg/a_full_set_5fold/fold_4/binary_masks/human_rectum_3.png
NuInsSeg/a_full_set_5fold/fold_4/tissue_images/human_salivory_02.png,NuInsSeg/a_full_set_5fold/fold_4/binary_masks/human_salivory_02.png
NuInsSeg/a_full_set_5fold/fold_4/tissue_images/human_salivory_04.png,NuInsSeg/a_full_set_5fold/fold_4/binary_masks/human_salivory_04.png
NuInsSeg/a_full_set_5fold/fold_4/tissue_images/human_salivory_05.png,NuInsSeg/a_full_set_5fold/fold_4/binary_masks/human_salivory_05.png
NuInsSeg/a_full_set_5fold/fold_4/tissue_images/human_salivory_13.png,NuInsSeg/a_full_set_5fold/fold_4/binary_masks/human_salivory_13.png
NuInsSeg/a_full_set_5fold/fold_4/tissue_images/human_salivory_14.png,NuInsSeg/a_full_set_5fold/fold_4/binary_masks/human_salivory_14.png
NuInsSeg/a_full_set_5fold/fold_4/tissue_images/human_salivory_21.png,NuInsSeg/a_full_set_5fold/fold_4/binary_masks/human_salivory_21.png
NuInsSeg/a_full_set_5fold/fold_4/tissue_images/human_salivory_26.png,NuInsSeg/a_full_set_5fold/fold_4/binary_masks/human_salivory_26.png
NuInsSeg/a_full_set_5fold/fold_4/tissue_images/human_salivory_28.png,NuInsSeg/a_full_set_5fold/fold_4/binary_masks/human_salivory_28.png
NuInsSeg/a_full_set_5fold/fold_4/tissue_images/human_salivory_30.png,NuInsSeg/a_full_set_5fold/fold_4/binary_masks/human_salivory_30.png
NuInsSeg/a_full_set_5fold/fold_4/tissue_images/human_spleen_09.png,NuInsSeg/a_full_set_5fold/fold_4/binary_masks/human_spleen_09.png
NuInsSeg/a_full_set_5fold/fold_4/tissue_images/human_spleen_11.png,NuInsSeg/a_full_set_5fold/fold_4/binary_masks/human_spleen_11.png
NuInsSeg/a_full_set_5fold/fold_4/tissue_images/human_spleen_16.png,NuInsSeg/a_full_set_5fold/fold_4/binary_masks/human_spleen_16.png
NuInsSeg/a_full_set_5fold/fold_4/tissue_images/human_spleen_18.png,NuInsSeg/a_full_set_5fold/fold_4/binary_masks/human_spleen_18.png
NuInsSeg/a_full_set_5fold/fold_4/tissue_images/human_spleen_23.png,NuInsSeg/a_full_set_5fold/fold_4/binary_masks/human_spleen_23.png
NuInsSeg/a_full_set_5fold/fold_4/tissue_images/human_spleen_33.png,NuInsSeg/a_full_set_5fold/fold_4/binary_masks/human_spleen_33.png
NuInsSeg/a_full_set_5fold/fold_4/tissue_images/human_spleen_34.png,NuInsSeg/a_full_set_5fold/fold_4/binary_masks/human_spleen_34.png
NuInsSeg/a_full_set_5fold/fold_4/tissue_images/human_testis_10.png,NuInsSeg/a_full_set_5fold/fold_4/binary_masks/human_testis_10.png
NuInsSeg/a_full_set_5fold/fold_4/tissue_images/human_testis_11.png,NuInsSeg/a_full_set_5fold/fold_4/binary_masks/human_testis_11.png
NuInsSeg/a_full_set_5fold/fold_4/tissue_images/human_tongue_01.png,NuInsSeg/a_full_set_5fold/fold_4/binary_masks/human_tongue_01.png
NuInsSeg/a_full_set_5fold/fold_4/tissue_images/human_tongue_06.png,NuInsSeg/a_full_set_5fold/fold_4/binary_masks/human_tongue_06.png
NuInsSeg/a_full_set_5fold/fold_4/tissue_images/human_tongue_08.png,NuInsSeg/a_full_set_5fold/fold_4/binary_masks/human_tongue_08.png
NuInsSeg/a_full_set_5fold/fold_4/tissue_images/human_tongue_19.png,NuInsSeg/a_full_set_5fold/fold_4/binary_masks/human_tongue_19.png
NuInsSeg/a_full_set_5fold/fold_4/tissue_images/human_tongue_22.png,NuInsSeg/a_full_set_5fold/fold_4/binary_masks/human_tongue_22.png
NuInsSeg/a_full_set_5fold/fold_4/tissue_images/human_tongue_25.png,NuInsSeg/a_full_set_5fold/fold_4/binary_masks/human_tongue_25.png
NuInsSeg/a_full_set_5fold/fold_4/tissue_images/human_tongue_33.png,NuInsSeg/a_full_set_5fold/fold_4/binary_masks/human_tongue_33.png
NuInsSeg/a_full_set_5fold/fold_4/tissue_images/human_tongue_34.png,NuInsSeg/a_full_set_5fold/fold_4/binary_masks/human_tongue_34.png
NuInsSeg/a_full_set_5fold/fold_4/tissue_images/human_tonsile_2.png,NuInsSeg/a_full_set_5fold/fold_4/binary_masks/human_tonsile_2.png
NuInsSeg/a_full_set_5fold/fold_4/tissue_images/human_tonsile_3.png,NuInsSeg/a_full_set_5fold/fold_4/binary_masks/human_tonsile_3.png
NuInsSeg/a_full_set_5fold/fold_4/tissue_images/human_tonsile_5.png,NuInsSeg/a_full_set_5fold/fold_4/binary_masks/human_tonsile_5.png
NuInsSeg/a_full_set_5fold/fold_4/tissue_images/human_umbilical_cord_07.png,NuInsSeg/a_full_set_5fold/fold_4/binary_masks/human_umbilical_cord_07.png
NuInsSeg/a_full_set_5fold/fold_4/tissue_images/human_umbilical_cord_09.png,NuInsSeg/a_full_set_5fold/fold_4/binary_masks/human_umbilical_cord_09.png
NuInsSeg/a_full_set_5fold/fold_4/tissue_images/mouse_femur_06.png,NuInsSeg/a_full_set_5fold/fold_4/binary_masks/mouse_femur_06.png
NuInsSeg/a_full_set_5fold/fold_4/tissue_images/mouse_heart_04.png,NuInsSeg/a_full_set_5fold/fold_4/binary_masks/mouse_heart_04.png
NuInsSeg/a_full_set_5fold/fold_4/tissue_images/mouse_heart_05.png,NuInsSeg/a_full_set_5fold/fold_4/binary_masks/mouse_heart_05.png
NuInsSeg/a_full_set_5fold/fold_4/tissue_images/mouse_heart_13.png,NuInsSeg/a_full_set_5fold/fold_4/binary_masks/mouse_heart_13.png
NuInsSeg/a_full_set_5fold/fold_4/tissue_images/mouse_heart_14.png,NuInsSeg/a_full_set_5fold/fold_4/binary_masks/mouse_heart_14.png
NuInsSeg/a_full_set_5fold/fold_4/tissue_images/mouse_heart_21.png,NuInsSeg/a_full_set_5fold/fold_4/binary_masks/mouse_heart_21.png
NuInsSeg/a_full_set_5fold/fold_4/tissue_images/mouse_heart_28.png,NuInsSeg/a_full_set_5fold/fold_4/binary_masks/mouse_heart_28.png
NuInsSeg/a_full_set_5fold/fold_4/tissue_images/mouse_kidney_01.png,NuInsSeg/a_full_set_5fold/fold_4/binary_masks/mouse_kidney_01.png
NuInsSeg/a_full_set_5fold/fold_4/tissue_images/mouse_kidney_06.png,NuInsSeg/a_full_set_5fold/fold_4/binary_masks/mouse_kidney_06.png
NuInsSeg/a_full_set_5fold/fold_4/tissue_images/mouse_kidney_08.png,NuInsSeg/a_full_set_5fold/fold_4/binary_masks/mouse_kidney_08.png
NuInsSeg/a_full_set_5fold/fold_4/tissue_images/mouse_kidney_19.png,NuInsSeg/a_full_set_5fold/fold_4/binary_masks/mouse_kidney_19.png
NuInsSeg/a_full_set_5fold/fold_4/tissue_images/mouse_kidney_22.png,NuInsSeg/a_full_set_5fold/fold_4/binary_masks/mouse_kidney_22.png
NuInsSeg/a_full_set_5fold/fold_4/tissue_images/mouse_kidney_25.png,NuInsSeg/a_full_set_5fold/fold_4/binary_masks/mouse_kidney_25.png
NuInsSeg/a_full_set_5fold/fold_4/tissue_images/mouse_kidney_33.png,NuInsSeg/a_full_set_5fold/fold_4/binary_masks/mouse_kidney_33.png
NuInsSeg/a_full_set_5fold/fold_4/tissue_images/mouse_kidney_34.png,NuInsSeg/a_full_set_5fold/fold_4/binary_masks/mouse_kidney_34.png
NuInsSeg/a_full_set_5fold/fold_4/tissue_images/mouse_liver_07.png,NuInsSeg/a_full_set_5fold/fold_4/binary_masks/mouse_liver_07.png
NuInsSeg/a_full_set_5fold/fold_4/tissue_images/mouse_liver_09.png,NuInsSeg/a_full_set_5fold/fold_4/binary_masks/mouse_liver_09.png
NuInsSeg/a_full_set_5fold/fold_4/tissue_images/mouse_liver_11.png,NuInsSeg/a_full_set_5fold/fold_4/binary_masks/mouse_liver_11.png
NuInsSeg/a_full_set_5fold/fold_4/tissue_images/mouse_liver_16.png,NuInsSeg/a_full_set_5fold/fold_4/binary_masks/mouse_liver_16.png
NuInsSeg/a_full_set_5fold/fold_4/tissue_images/mouse_liver_18.png,NuInsSeg/a_full_set_5fold/fold_4/binary_masks/mouse_liver_18.png
NuInsSeg/a_full_set_5fold/fold_4/tissue_images/mouse_liver_23.png,NuInsSeg/a_full_set_5fold/fold_4/binary_masks/mouse_liver_23.png
NuInsSeg/a_full_set_5fold/fold_4/tissue_images/mouse_liver_32.png,NuInsSeg/a_full_set_5fold/fold_4/binary_masks/mouse_liver_32.png
NuInsSeg/a_full_set_5fold/fold_4/tissue_images/mouse_muscle_tibia_02.png,NuInsSeg/a_full_set_5fold/fold_4/binary_masks/mouse_muscle_tibia_02.png
NuInsSeg/a_full_set_5fold/fold_4/tissue_images/mouse_muscle_tibia_05.png,NuInsSeg/a_full_set_5fold/fold_4/binary_masks/mouse_muscle_tibia_05.png
NuInsSeg/a_full_set_5fold/fold_4/tissue_images/mouse_muscle_tibia_12.png,NuInsSeg/a_full_set_5fold/fold_4/binary_masks/mouse_muscle_tibia_12.png
NuInsSeg/a_full_set_5fold/fold_4/tissue_images/mouse_muscle_tibia_15.png,NuInsSeg/a_full_set_5fold/fold_4/binary_masks/mouse_muscle_tibia_15.png
NuInsSeg/a_full_set_5fold/fold_4/tissue_images/mouse_muscle_tibia_20.png,NuInsSeg/a_full_set_5fold/fold_4/binary_masks/mouse_muscle_tibia_20.png
NuInsSeg/a_full_set_5fold/fold_4/tissue_images/mouse_muscle_tibia_27.png,NuInsSeg/a_full_set_5fold/fold_4/binary_masks/mouse_muscle_tibia_27.png
NuInsSeg/a_full_set_5fold/fold_4/tissue_images/mouse_spleen_04.png,NuInsSeg/a_full_set_5fold/fold_4/binary_masks/mouse_spleen_04.png
NuInsSeg/a_full_set_5fold/fold_4/tissue_images/mouse_subscapula_03.png,NuInsSeg/a_full_set_5fold/fold_4/binary_masks/mouse_subscapula_03.png
NuInsSeg/a_full_set_5fold/fold_4/tissue_images/mouse_subscapula_04.png,NuInsSeg/a_full_set_5fold/fold_4/binary_masks/mouse_subscapula_04.png
NuInsSeg/a_full_set_5fold/fold_4/tissue_images/mouse_subscapula_20.png,NuInsSeg/a_full_set_5fold/fold_4/binary_masks/mouse_subscapula_20.png
NuInsSeg/a_full_set_5fold/fold_4/tissue_images/mouse_subscapula_27.png,NuInsSeg/a_full_set_5fold/fold_4/binary_masks/mouse_subscapula_27.png
NuInsSeg/a_full_set_5fold/fold_4/tissue_images/mouse_subscapula_29.png,NuInsSeg/a_full_set_5fold/fold_4/binary_masks/mouse_subscapula_29.png
NuInsSeg/a_full_set_5fold/fold_4/tissue_images/mouse_subscapula_31.png,NuInsSeg/a_full_set_5fold/fold_4/binary_masks/mouse_subscapula_31.png
NuInsSeg/a_full_set_5fold/fold_4/tissue_images/mouse_subscapula_36.png,NuInsSeg/a_full_set_5fold/fold_4/binary_masks/mouse_subscapula_36.png
NuInsSeg/a_full_set_5fold/fold_4/tissue_images/mouse_subscapula_38.png,NuInsSeg/a_full_set_5fold/fold_4/binary_masks/mouse_subscapula_38.png
NuInsSeg/a_full_set_5fold/fold_4/tissue_images/mouse_thymus_01.png,NuInsSeg/a_full_set_5fold/fold_4/binary_masks/mouse_thymus_01.png
NuInsSeg/a_full_set_5fold/fold_4/tissue_images/mouse_thymus_06.png,NuInsSeg/a_full_set_5fold/fold_4/binary_masks/mouse_thymus_06.png
