NuInsSeg/a_full_set_5fold/fold_0/tissue_images/human_bladder_02.png,NuInsSeg/a_full_set_5fold/fold_0/binary_masks/human_bladder_02.png
NuInsSeg/a_full_set_5fold/fold_0/tissue_images/human_bladder_06.png,NuInsSeg/a_full_set_5fold/fold_0/binary_masks/human_bladder_06.png
NuInsSeg/a_full_set_5fold/fold_0/tissue_images/human_bladder_08.png,NuInsSeg/a_full_set_5fold/fold_0/binary_masks/human_bladder_08.png
NuInsSeg/a_full_set_5fold/fold_0/tissue_images/human_brain_3.png,NuInsSeg/a_full_set_5fold/fold_0/binary_masks/human_brain_3.png
NuInsSeg/a_full_set_5fold/fold_0/tissue_images/human_brain_4.png,NuInsSeg/a_full_set_5fold/fold_0/binary_masks/human_brain_4.png
NuInsSeg/a_full_set_5fold/fold_0/tissue_images/human_cardia_1.png,NuInsSeg/a_full_set_5fold/fold_0/binary_masks/human_cardia_1.png
NuInsSeg/a_full_set_5fold/fold_0/tissue_images/human_cardia_5.png,NuInsSeg/a_full_set_5fold/fold_0/binary_masks/human_cardia_5.png
NuInsSeg/a_full_set_5fold/fold_0/tissue_images/human_cardia_6.png,NuInsSeg/a_full_set_5fold/fold_0/binary_masks/human_cardia_6.png
NuInsSeg/a_full_set_5fold/fold_0/tissue_images/human_cerebellum_3.png,NuInsSeg/a_full_set_5fold/fold_0/binary_masks/human_cerebellum_3.png
NuInsSeg/a_full_set_5fold/fold_0/tissue_images/human_cerebellum_4.png,NuInsSeg/a_full_set_5fold/fold_0/binary_masks/human_cerebellum_4.png
NuInsSeg/a_full_set_5fold/fold_0/tissue_images/human_epiglottis_1.png,NuInsSeg/a_full_set_5fold/fold_0/binary_masks/human_epiglottis_1.png
NuInsSeg/a_full_set_5fold/fold_0/tissue_images/human_epiglottis_8.png,NuInsSeg/a_full_set_5fold/fold_0/binary_masks/human_epiglottis_8.png
NuInsSeg/a_full_set_5fold/fold_0/tissue_images/human_jejunum_08.png,NuInsSeg/a_full_set_5fold/fold_0/binary_masks/human_jejunum_08.png
NuInsSeg/a_full_set_5fold/fold_0/tissue_images/human_jejunum_10.png,NuInsSeg/a_full_set_5fold/fold_0/binary_masks/human_jejunum_10.png
NuInsSeg/a_full_set_5fold/fold_0/tissue_images/human_kidney_03.png,NuInsSeg/a_full_set_5fold/fold_0/binary_masks/human_kidney_03.png
NuInsSeg/a_full_set_5fold/fold_0/tissue_images/human_kidney_04.png,NuInsSeg/a_full_set_5fold/fold_0/binary_masks/human_kidney_04.png
NuInsSeg/a_full_set_5fold/fold_0/tissue_images/human_liver_01.png,NuInsSeg/a_full_set_5fold/fold_0/binary_masks/human_liver_01.png
NuInsSeg/a_full_set_5fold/fold_0/tissue_images/human_liver_06.png,NuInsSeg/a_full_set_5fold/fold_0/binary_masks/human_liver_06.png
NuInsSeg/a_full_set_5fold/fold_0/tissue_images/human_liver_08.png,NuInsSeg/a_full_set_5fold/fold_0/binary_masks/human_liver_08.png
NuInsSeg/a_full_set_5fold/fold_0/tissue_images/human_liver_10.png,NuInsSeg/a_full_set_5fold/fold_0/binary_masks/human_liver_10.png
NuInsSeg/a_full_set_5fold/fold_0/tissue_images/human_liver_17.png,NuInsSeg/a_full_set_5fold/fold_0/binary_masks/human_liver_17.png
NuInsSeg/a_full_set_5fold/fold_0/tissue_images/human_liver_19.png,NuInsSeg/a_full_set_5fold/fold_0/binary_masks/human_liver_19.png
NuInsSeg/a_full_set_5fold/fold_0/tissue_images/human_liver_33.png,NuInsSeg/a_full_set_5fold/fold_0/binary_masks/human_liver_33.png
NuInsSeg/a_full_set_5fold/fold_0/tissue_images/human_liver_34.png,NuInsSeg/a_full_set_5fold/fold_0/binary_masks/human_liver_34.png
NuInsSeg/a_full_set_5fold/fold_0/tissue_images/human_lung_2.png,NuInsSeg/a_full_set_5fold/fold_0/binary_masks/human_lung_2.png
NuInsSeg/a_full_set_5fold/fold_0/tissue_images/human_lung_6.png,NuInsSeg/a_full_set_5fold/fold_0/binary_masks/human_lung_6.png
NuInsSeg/a_full_set_5fold/fold_0/tissue_images/human_lung_8.png,NuInsSeg/a_full_set_5fold/fold_0/binary_masks/human_lung_8.png
NuInsSeg/a_full_set_5fold/fold_0/tissue_images/human_melanoma_03.png,NuInsSeg/a_full_set_5fold/fold_0/binary_masks/human_melanoma_03.png
NuInsSeg/a_full_set_5fold/fold_0/tissue_images/human_melanoma_04.png,NuInsSeg/a_full_set_5fold/fold_0/binary_masks/human_melanoma_04.png
NuInsSeg/a_full_set_5fold/fold_0/tissue_images/human_muscle_5.png,NuInsSeg/a_full_set_5fold/fold_0/binary_masks/human_muscle_5.png
NuInsSeg/a_full_set_5fold/fold_0/tissue_images/human_muscle_7.png,NuInsSeg/a_full_set_5fold/fold_0/binary_masks/human_muscle_7.png
NuInsSeg/a_full_set_5fold/fold_0/tissue_images/human_oesophagus_01.png,NuInsSeg/a_full_set_5fold/fold_0/binary_masks/human_oesophagus_01.png
NuInsSeg/a_full_set_5fold/fold_0/tissue_images/human_oesophagus_06.png,NuInsSeg/a_full_set_5fold/fold_0/binary_masks/human_oesophagus_06.png
NuInsSeg/a_full_set_5fold/fold_0/tissue_images/human_oesophagus_08.png,NuInsSeg/a_full_set_5fold/fold_0/binary_masks/human_oesophagus_08.png
NuInsSeg/a_full_set_5fold/fold_0/tissue_images/human_oesophagus_17.png,NuInsSeg/a_full_set_5fold/fold_0/binary_masks/human_oesophagus_17.png
NuInsSeg/a_full_set_5fold/fold_0/tissue_images/human_oesophagus_33.png,NuInsSeg/a_full_set_5fold/fold_0/binary_masks/human_oesophagus_33.png
NuInsSeg/a_full_set_5fold/fold_0/tissue_images/human_oesophagus_34.png,NuInsSeg/a_full_set_5fold/fold_0/binary_masks/human_oesophagus_34.png
NuInsSeg/a_full_set_5fold/fold_0/tissue_images/human_oesophagus_41.png,NuInsSeg/a_full_set_5fold/fold_0/binary_masks/human_oesophagus_41.png
NuInsSeg/a_full_set_5fold/fold_0/tissue_images/human_oesophagus_46.png,NuInsSeg/a_full_set_5fold/fold_0/binary_masks/human_oesophagus_46.png
NuInsSeg/a_full_set_5fold/fold_0/tissue_images/human_oesophagus_48.png,NuInsSeg/a_full_set_5fold/fold_0/binary_masks/human_oesophagus_48.png
NuInsSeg/a_full_set_5fold/fold_0/tissue_images/human_pancreas_07.png,NuInsSeg/a_full_set_5fold/fold_0/binary_masks/human_pancreas_07.png
NuInsSeg/a_full_set_5fold/fold_0/tissue_images/human_pancreas_09.png,NuInsSeg/a_full_set_5fold/fold_0/binary_masks/human_pancreas_09.png
NuInsSeg/a_full_set_5fold/fold_0/tissue_images/human_pancreas_11.png,NuInsSeg/a_full_set_5fold/fold_0/binary_masks/human_pancreas_11.png
NuInsSeg/a_full_set_5fold/fold_0/tissue_images/human_pancreas_15.png,NuInsSeg/a_full_set_5fold/fold_0/binary_masks/human_pancreas_15.png
NuInsSeg/a_full_set_5fold/fold_0/tissue_images/human_pancreas_16.png,NuInsSeg/a_full_set_5fold/fold_0/binary_masks/human_pancreas_16.png
NuInsSeg/a_full_set_5fold/fold_0/tissue_images/human_pancreas_18.png,NuInsSeg/a_full_set_5fold/fold_0/binary_masks/human_pancreas_18.png
NuInsSeg/a_full_set_5fold/fold_0/tissue_images/human_pancreas_23.png,NuInsSeg/a_full_set_5fold/fold_0/binary_masks/human_pancreas_23.png
NuInsSeg/a_full_set_5fold/fold_0/tissue_images/human_pancreas_24.png,NuInsSeg/a_full_set_5fold/fold_0/binary_masks/human_pancreas_24.png
NuInsSeg/a_full_set_5fold/fold_0/tissue_images/human_pancreas_35.png,NuInsSeg/a_full_set_5fold/fold_0/binary_masks/human_pancreas_35.png
NuInsSeg/a_full_set_5fold/fold_0/tissue_images/human_peritoneum_10.png,NuInsSeg/a_full_set_5fold/fold_0/binary_masks/human_peritoneum_10.png
NuInsSeg/a_full_set_5fold/fold_0/tissue_images/human_peritoneum_4.png,NuInsSeg/a_full_set_5fold/fold_0/binary_masks/human_peritoneum_4.png
NuInsSeg/a_full_set_5fold/fold_0/tissue_images/human_placenta_01.png,NuInsSeg/a_full_set_5fold/fold_0/binary_masks/human_placenta_01.png
NuInsSeg/a_full_set_5fold/fold_0/tissue_images/human_placenta_06.png,NuInsSeg/a_full_set_5fold/fold_0/binary_masks/human_placenta_06.png
NuInsSeg/a_full_set_5fold/fold_0/tissue_images/human_placenta_08.png,NuInsSeg/a_full_set_5fold/fold_0/binary_masks/human_placenta_08.png
NuInsSeg/a_full_set_5fold/fold_0/tissue_images/human_placenta_10.png,NuInsSeg/a_full_set_5fold/fold_0/binary_masks/human_placenta_10.png
NuInsSeg/a_full_set_5fold/fold_0/tissue_images/human_placenta_17.png,NuInsSeg/a_full_set_5fold/fold_0/binary_masks/human_placenta_17.png
NuInsSeg/a_full_set_5fold/fold_0/tissue_images/human_placenta_19.png,NuInsSeg/a_full_set_5fold/fold_0/binary_masks/human_placenta_19.png
NuInsSeg/a_full_set_5fold/fold_0/tissue_images/human_placenta_33.png,NuInsSeg/a_full_set_5fold/fold_0/binary_masks/human_placenta_33.png
NuInsSeg/a_full_set_5fold/fold_0/tissue_images/human_placenta_34.png,NuInsSeg/a_full_set_5fold/fold_0/binary_masks/human_placenta_34.png
NuInsSeg/a_full_set_5fold/fold_0/tissue_images/human_pylorus_3.png,NuInsSeg/a_full_set_5fold/fold_0/binary_masks/human_pylorus_3.png
NuInsSeg/a_full_set_5fold/fold_0/tissue_images/human_pylorus_4.png,NuInsSeg/a_full_set_5fold/fold_0/binary_masks/human_pylorus_4.png
NuInsSeg/a_full_set_5fold/fold_0/tissue_images/human_pylorus_7.png,NuInsSeg/a_full_set_5fold/fold_0/binary_masks/human_pylorus_7.png
NuInsSeg/a_full_set_5fold/fold_0/tissue_images/human_rectum_11.png,NuInsSeg/a_full_set_5fold/fold_0/binary_masks/human_rectum_11.png
NuInsSeg/a_full_set_5fold/fold_0/tissue_images/human_rectum_8.png,NuInsSeg/a_full_set_5fold/fold_0/binary_masks/human_rectum_8.png
NuInsSeg/a_full_set_5fold/fold_0/tissue_images/human_salivory_01.png,NuInsSeg/a_full_set_5fold/fold_0/binary_masks/human_salivory_01.png
NuInsSeg/a_full_set_5fold/fold_0/tissue_images/human_salivory_06.png,NuInsSeg/a_full_set_5fold/fold_0/binary_masks/human_salivory_06.png
NuInsSeg/a_full_set_5fold/fold_0/tissue_images/human_salivory_08.png,NuInsSeg/a_full_set_5fold/fold_0/binary_masks/human_salivory_08.png
NuInsSeg/a_full_set_5fold/fold_0/tissue_images/human_salivory_22.png,NuInsSeg/a_full_set_5fold/fold_0/binary_masks/human_salivory_22.png
NuInsSeg/a_full_set_5fold/fold_0/tissue_images/human_salivory_25.png,NuInsSeg/a_full_set_5fold/fold_0/binary_masks/human_salivory_25.png
NuInsSeg/a_full_set_5fold/fold_0/tissue_images/human_salivory_33.png,NuInsSeg/a_full_set_5fold/fold_0/binary_masks/human_salivory_33.png
NuInsSeg/a_full_set_5fold/fold_0/tissue_images/human_salivory_34.png,NuInsSeg/a_full_set_5fold/fold_0/binary_masks/human_salivory_34.png
NuInsSeg/a_full_set_5fold/fold_0/tissue_images/human_salivory_37.png,NuInsSeg/a_full_set_5fold/fold_0/binary_masks/human_salivory_37.png
NuInsSeg/a_full_set_5fold/fold_0/tissue_images/human_salivory_41.png,NuInsSeg/a_full_set_5fold/fold_0/binary_masks/human_salivory_41.png
NuInsSeg/a_full_set_5fold/fold_0/tissue_images/human_spleen_03.png,NuInsSeg/a_full_set_5fold/fold_0/binary_masks/human_spleen_03.png
NuInsSeg/a_full_set_5fold/fold_0/tissue_images/human_spleen_04.png,NuInsSeg/a_full_set_5fold/fold_0/binary_masks/human_spleen_04.png
NuInsSeg/a_full_set_5fold/fold_0/tissue_images/human_spleen_12.png,NuInsSeg/a_full_set_5fold/fold_0/binary_masks/human_spleen_12.png
NuInsSeg/a_full_set_5fold/fold_0/tissue_images/human_spleen_15.png,NuInsSeg/a_full_set_5fold/fold_0/binary_masks/human_spleen_15.png
NuInsSeg/a_full_set_5fold/fold_0/tissue_images/human_spleen_24.png,NuInsSeg/a_full_set_5fold/fold_0/binary_masks/human_spleen_24.png
NuInsSeg/a_full_set_5fold/fold_0/tissue_images/human_spleen_27.png,NuInsSeg/a_full_set_5fold/fold_0/binary_masks/human_spleen_27.png
NuInsSeg/a_full_set_5fold/fold_0/tissue_images/human_spleen_31.png,NuInsSeg/a_full_set_5fold/fold_0/binary_masks/human_spleen_31.png
NuInsSeg/a_full_set_5fold/fold_0/tissue_images/human_testis_12.png,NuInsSeg/a_full_set_5fold/fold_0/binary_masks/human_testis_12.png
NuInsSeg/a_full_set_5fold/fold_0/tissue_images/human_testis_9.png,NuInsSeg/a_full_set_5fold/fold_0/binary_masks/human_testis_9.png
NuInsSeg/a_full_set_5fold/fold_0/tissue_images/human_tongue_02.png,NuInsSeg/a_full_set_5fold/fold_0/binary_masks/human_tongue_02.png
NuInsSeg/a_full_set_5fold/fold_0/tissue_images/human_tongue_05.png,NuInsSeg/a_full_set_5fold/fold_0/binary_masks/human_tongue_05.png
NuInsSeg/a_full_set_5fold/fold_0/tissue_images/human_tongue_13.png,NuInsSeg/a_full_set_5fold/fold_0/binary_masks/human_tongue_13.png
NuInsSeg/a_full_set_5fold/fold_0/tissue_images/human_tongue_14.png,NuInsSeg/a_full_set_5fold/fold_0/binary_masks/human_tongue_14.png
NuInsSeg/a_full_set_5fold/fold_0/tissue_images/human_tongue_28.png,NuInsSeg/a_full_set_5fold/fold_0/binary_masks/human_tongue_28.png
NuInsSeg/a_full_set_5fold/fold_0/tissue_images/human_tongue_30.png,NuInsSeg/a_full_set_5fold/fold_0/binary_masks/human_tongue_30.png
NuInsSeg/a_full_set_5fold/fold_0/tissue_images/human_tongue_37.png,NuInsSeg/a_full_set_5fold/fold_0/binary_masks/human_tongue_37.png
NuInsSeg/a_full_set_5fold/fold_0/tissue_images/human_tongue_39.png,NuInsSeg/a_full_set_5fold/fold_0/binary_masks/human_tongue_39.png
NuInsSeg/a_full_set_5fold/fold_0/tissue_images/human_tonsile_11.png,NuInsSeg/a_full_set_5fold/fold_0/binary_masks/human_tonsile_11.png
NuInsSeg/a_full_set_5fold/fold_0/tissue_images/human_tonsile_12.png,NuInsSeg/a_full_set_5fold/fold_0/binary_masks/human_tonsile_12.png
NuInsSeg/a_full_set_5fold/fold_0/tissue_images/human_tonsile_8.png,NuInsSeg/a_full_set_5fold/fold_0/binary_masks/human_tonsile_8.png
NuInsSeg/a_full_set_5fold/fold_0/tissue_images/human_umbilical_cord_04.png,NuInsSeg/a_full_set_5fold/fold_0/binary_masks/human_umbilical_cord_04.png
NuInsSeg/a_full_set_5fold/fold_0/tissue_images/human_umbilical_cord_12.png,NuInsSeg/a_full_set_5fold/fold_0/binary_masks/human_umbilical_cord_12.png
NuInsSeg/a_full_set_5fold/fold_0/tissue_images/mouse_femur_04.png,NuInsSeg/a_full_set_5fold/fold_0/binary_masks/mouse_femur_04.png
NuInsSeg/a_full_set_5fold/fold_0/tissue_images/mouse_heart_01.png,NuInsSeg/a_full_set_5fold/fold_0/binary_masks/mouse_heart_01.png
NuInsSeg/a_full_set_5fold/fold_0/tissue_images/mouse_heart_06.png,NuInsSeg/a_full_set_5fold/fold_0/binary_masks/mouse_heart_06.png
NuInsSeg/a_full_set_5fold/fold_0/tissue_images/mouse_heart_08.png,NuInsSeg/a_full_set_5fold/fold_0/binary_masks/mouse_heart_08.png
NuInsSeg/a_full_set_5fold/fold_0/tissue_images/mouse_heart_10.png,NuInsSeg/a_full_set_5fold/fold_0/binary_masks/mouse_heart_10.png
NuInsSeg/a_full_set_5fold/fold_0/tissue_images/mouse_heart_17.png,NuInsSeg/a_full_set_5fold/fold_0/binary_masks/mouse_heart_17.png
NuInsSeg/a_full_set_5fold/fold_0/tissue_images/mouse_heart_26.png,NuInsSeg/a_full_set_5fold/fold_0/binary_masks/mouse_heart_26.png
NuInsSeg/a_full_set_5fold/fold_0/tissue_images/mouse_kidney_02.png,NuInsSeg/a_full_set_5fold/fold_0/binary_masks/mouse_kidney_02.png
NuInsSeg/a_full_set_5fold/fold_0/tissue_images/mouse_kidney_05.png,NuInsSeg/a_full_set_5fold/fold_0/binary_masks/mouse_kidney_05.png
NuInsSeg/a_full_set_5fold/fold_0/tissue_images/mouse_kidney_13.png,NuInsSeg/a_full_set_5fold/fold_0/binary_masks/mouse_kidney_13.png
NuInsSeg/a_full_set_5fold/fold_0/tissue_images/mouse_kidney_14.png,NuInsSeg/a_full_set_5fold/fold_0/binary_masks/mouse_kidney_14.png
NuInsSeg/a_full_set_5fold/fold_0/tissue_images/mouse_kidney_28.png,NuInsSeg/a_full_set_5fold/fold_0/binary_masks/mouse_kidney_28.png
NuInsSeg/a_full_set_5fold/fold_0/tissue_images/mouse_kidney_30.png,NuInsSeg/a_full_set_5fold/fold_0/binary_masks/mouse_kidney_30.png
NuInsSeg/a_full_set_5fold/fold_0/tissue_images/mouse_kidney_37.png,NuInsSeg/a_full_set_5fold/fold_0/binary_masks/mouse_kidney_37.png
NuInsSeg/a_full_set_5fold/fold_0/tissue_images/mouse_kidney_39.png,NuInsSeg/a_full_set_5fold/fold_0/binary_masks/mouse_kidney_39.png
NuInsSeg/a_full_set_5fold/fold_0/tissue_images/mouse_liver_03.png,NuInsSeg/a_full_set_5fold/fold_0/binary_masks/mouse_liver_03.png
NuInsSeg/a_full_set_5fold/fold_0/tissue_images/mouse_liver_04.png,NuInsSeg/a_full_set_5fold/fold_0/binary_masks/mouse_liver_04.png
NuInsSeg/a_full_set_5fold/fold_0/tissue_images/mouse_liver_20.png,NuInsSeg/a_full_set_5fold/fold_0/binary_masks/mouse_liver_20.png
NuInsSeg/a_full_set_5fold/fold_0/tissue_images/mouse_liver_27.png,NuInsSeg/a_full_set_5fold/fold_0/binary_masks/mouse_liver_27.png
NuInsSeg/a_full_set_5fold/fold_0/tissue_images/mouse_liver_29.png,NuInsSeg/a_full_set_5fold/fold_0/binary_masks/mouse_liver_29.png
NuInsSeg/a_full_set_5fold/fold_0/tissue_images/mouse_liver_31.png,NuInsSeg/a_full_set_5fold/fold_0/binary_masks/mouse_liver_31.png
NuInsSeg/a_full_set_5fold/fold_0/tissue_images/mouse_liver_36.png,NuInsSeg/a_full_set_5fold/fold_0/binary_masks/mouse_liver_36.png
NuInsSeg/a_full_set_5fold/fold_0/tissue_images/mouse_muscle_tibia_07.png,NuInsSeg/a_full_set_5fold/fold_0/binary_masks/mouse_muscle_tibia_07.png
NuInsSeg/a_full_set_5fold/fold_0/tissue_images/mouse_muscle_tibia_09.png,NuInsSeg/a_full_set_5fold/fold_0/binary_masks/mouse_muscle_tibia_09.png
NuInsSeg/a_full_set_5fold/fold_0/tissue_images/mouse_muscle_tibia_11.png,NuInsSeg/a_full_set_5fold/fold_0/binary_masks/mouse_muscle_tibia_11.png
NuInsSeg/a_full_set_5fold/fold_0/tissue_images/mouse_muscle_tibia_16.png,NuInsSeg/a_full_set_5fold/fold_0/binary_masks/mouse_muscle_tibia_16.png
NuInsSeg/a_full_set_5fold/fold_0/tissue_images/mouse_muscle_tibia_18.png,NuInsSeg/a_full_set_5fold/fold_0/binary_masks/mouse_muscle_tibia_18.png
NuInsSeg/a_full_set_5fold/fold_0/tissue_images/mouse_spleen_01.png,NuInsSeg/a_full_set_5fold/fold_0/binary_masks/mouse_spleen_01.png
NuInsSeg/a_full_set_5fold/fold_0/tissue_images/mouse_spleen_02.png,NuInsSeg/a_full_set_5fold/fold_0/binary_masks/mouse_spleen_02.png
NuInsSeg/a_full_set_5fold/fold_0/tissue_images/mouse_subscapula_07.png,NuInsSeg/a_full_set_5fold/fold_0/binary_masks/mouse_subscapula_07.png
NuInsSeg/a_full_set_5fold/fold_0/tissue_images/mouse_subscapula_09.png,NuInsSeg/a_full_set_5fold/fold_0/binary_masks/mouse_subscapula_09.png
NuInsSeg/a_full_set_5fold/fold_0/tissue_images/mouse_subscapula_11.png,NuInsSeg/a_full_set_5fold/fold_0/binary_masks/mouse_subscapula_11.png
NuInsSeg/a_full_set_5fold/fold_0/tissue_images/mouse_subscapula_16.png,NuInsSeg/a_full_set_5fold/fold_0/binary_masks/mouse_subscapula_16.png
NuInsSeg/a_full_set_5fold/fold_0/tissue_images/mouse_subscapula_18.png,NuInsSeg/a_full_set_5fold/fold_0/binary_masks/mouse_subscapula_18.png
NuInsSeg/a_full_set_5fold/fold_0/tissue_images/mouse_subscapula_23.png,NuInsSeg/a_full_set_5fold/fold_0/binary_masks/mouse_subscapula_23.png
NuInsSeg/a_full_set_5fold/fold_0/tissue_images/mouse_subscapula_24.png,NuInsSeg/a_full_set_5fold/fold_0/binary_masks/mouse_subscapula_24.png
NuInsSeg/a_full_set_5fold/fold_0/tissue_images/mouse_subscapula_40.png,NuInsSeg/a_full_set_5fold/fold_0/binary_masks/mouse_subscapula_40.png
NuInsSeg/a_full_set_5fold/fold_0/tissue_images/mouse_thymus_05.png,NuInsSeg/a_full_set_5fold/fold_0/binary_masks/mouse_thymus_05.png
NuInsSeg/a_full_set_5fold/fold_1/tissue_images/human_bladder_01.png,NuInsSeg/a_full_set_5fold/fold_1/binary_masks/human_bladder_01.png
NuInsSeg/a_full_set_5fold/fold_1/tissue_images/human_bladder_05.png,NuInsSeg/a_full_set_5fold/fold_1/binary_masks/human_bladder_05.png
NuInsSeg/a_full_set_5fold/fold_1/tissue_images/human_bladder_10.png,NuInsSeg/a_full_set_5fold/fold_1/binary_masks/human_bladder_10.png
NuInsSeg/a_full_set_5fold/fold_1/tissue_images/human_brain_2.png,NuInsSeg/a_full_set_5fold/fold_1/binary_masks/human_brain_2.png
NuInsSeg/a_full_set_5fold/fold_1/tissue_images/human_brain_5.png,NuInsSeg/a_full_set_5fold/fold_1/binary_masks/human_brain_5.png
NuInsSeg/a_full_set_5fold/fold_1/tissue_images/human_cardia_8.png,NuInsSeg/a_full_set_5fold/fold_1/binary_masks/human_cardia_8.png
NuInsSeg/a_full_set_5fold/fold_1/tissue_images/human_cardia_9.png,NuInsSeg/a_full_set_5fold/fold_1/binary_masks/human_cardia_9.png
NuInsSeg/a_full_set_5fold/fold_1/tissue_images/human_cerebellum_11.png,NuInsSeg/a_full_set_5fold/fold_1/binary_masks/human_cerebellum_11.png
NuInsSeg/a_full_set_5fold/fold_1/tissue_images/human_cerebellum_2.png,NuInsSeg/a_full_set_5fold/fold_1/binary_masks/human_cerebellum_2.png
NuInsSeg/a_full_set_5fold/fold_1/tissue_images/human_cerebellum_7.png,NuInsSeg/a_full_set_5fold/fold_1/binary_masks/human_cerebellum_7.png
NuInsSeg/a_full_set_5fold/fold_1/tissue_images/human_epiglottis_6.png,NuInsSeg/a_full_set_5fold/fold_1/binary_masks/human_epiglottis_6.png
NuInsSeg/a_full_set_5fold/fold_1/tissue_images/human_epiglottis_7.png,NuInsSeg/a_full_set_5fold/fold_1/binary_masks/human_epiglottis_7.png
NuInsSeg/a_full_set_5fold/fold_1/tissue_images/human_jejunum_01.png,NuInsSeg/a_full_set_5fold/fold_1/binary_masks/human_jejunum_01.png
NuInsSeg/a_full_set_5fold/fold_1/tissue_images/human_jejunum_06.png,NuInsSeg/a_full_set_5fold/fold_1/binary_masks/human_jejunum_06.png
NuInsSeg/a_full_set_5fold/fold_1/tissue_images/human_kidney_02.png,NuInsSeg/a_full_set_5fold/fold_1/binary_masks/human_kidney_02.png
NuInsSeg/a_full_set_5fold/fold_1/tissue_images/human_kidney_05.png,NuInsSeg/a_full_set_5fold/fold_1/binary_masks/human_kidney_05.png
NuInsSeg/a_full_set_5fold/fold_1/tissue_images/human_liver_07.png,NuInsSeg/a_full_set_5fold/fold_1/binary_masks/human_liver_07.png
NuInsSeg/a_full_set_5fold/fold_1/tissue_images/human_liver_09.png,NuInsSeg/a_full_set_5fold/fold_1/binary_masks/human_liver_09.png
NuInsSeg/a_full_set_5fold/fold_1/tissue_images/human_liver_22.png,NuInsSeg/a_full_set_5fold/fold_1/binary_masks/human_liver_22.png
NuInsSeg/a_full_set_5fold/fold_1/tissue_images/human_liver_23.png,NuInsSeg/a_full_set_5fold/fold_1/binary_masks/human_liver_23.png
NuInsSeg/a_full_set_5fold/fold_1/tissue_images/human_liver_25.png,NuInsSeg/a_full_set_5fold/fold_1/binary_masks/human_liver_25.png
NuInsSeg/a_full_set_5fold/fold_1/tissue_images/human_liver_32.png,NuInsSeg/a_full_set_5fold/fold_1/binary_masks/human_liver_32.png
NuInsSeg/a_full_set_5fold/fold_1/tissue_images/human_liver_35.png,NuInsSeg/a_full_set_5fold/fold_1/binary_masks/human_liver_35.png
NuInsSeg/a_full_set_5fold/fold_1/tissue_images/human_liver_40.png,NuInsSeg/a_full_set_5fold/fold_1/binary_masks/human_liver_40.png
NuInsSeg/a_full_set_5fold/fold_1/tissue_images/human_lung_1.png,NuInsSeg/a_full_set_5fold/fold_1/binary_masks/human_lung_1.png
NuInsSeg/a_full_set_5fold/fold_1/tissue_images/human_lung_7.png,NuInsSeg/a_full_set_5fold/fold_1/binary_masks/human_lung_7.png
NuInsSeg/a_full_set_5fold/fold_1/tissue_images/human_melanoma_05.png,NuInsSeg/a_full_set_5fold/fold_1/binary_masks/human_melanoma_05.png
NuInsSeg/a_full_set_5fold/fold_1/tissue_images/human_melanoma_07.png,NuInsSeg/a_full_set_5fold/fold_1/binary_masks/human_melanoma_07.png
NuInsSeg/a_full_set_5fold/fold_1/tissue_images/human_melanoma_12.png,NuInsSeg/a_full_set_5fold/fold_1/binary_masks/human_melanoma_12.png
NuInsSeg/a_full_set_5fold/fold_1/tissue_images/human_muscle_10.png,NuInsSeg/a_full_set_5fold/fold_1/binary_masks/human_muscle_10.png
NuInsSeg/a_full_set_5fold/fold_1/tissue_images/human_muscle_8.png,NuInsSeg/a_full_set_5fold/fold_1/binary_masks/human_muscle_8.png
NuInsSeg/a_full_set_5fold/fold_1/tissue_images/human_oesophagus_07.png,NuInsSeg/a_full_set_5fold/fold_1/binary_masks/human_oesophagus_07.png
NuInsSeg/a_full_set_5fold/fold_1/tissue_images/human_oesophagus_09.png,NuInsSeg/a_full_set_5fold/fold_1/binary_masks/human_oesophagus_09.png
NuInsSeg/a_full_set_5fold/fold_1/tissue_images/human_oesophagus_10.png,NuInsSeg/a_full_set_5fold/fold_1/binary_masks/human_oesophagus_10.png
NuInsSeg/a_full_set_5fold/fold_1/tissue_images/human_oesophagus_22.png,NuInsSeg/a_full_set_5fold/fold_1/binary_masks/human_oesophagus_22.png
NuInsSeg/a_full_set_5fold/fold_1/tissue_images/human_oesophagus_25.png,NuInsSeg/a_full_set_5fold/fold_1/binary_masks/human_oesophagus_25.png
NuInsSeg/a_full_set_5fold/fold_1/tissue_images/human_oesophagus_32.png,NuInsSeg/a_full_set_5fold/fold_1/binary_masks/human_oesophagus_32.png
NuInsSeg/a_full_set_5fold/fold_1/tissue_images/human_oesophagus_35.png,NuInsSeg/a_full_set_5fold/fold_1/binary_masks/human_oesophagus_35.png
NuInsSeg/a_full_set_5fold/fold_1/tissue_images/human_oesophagus_40.png,NuInsSeg/a_full_set_5fold/fold_1/binary_masks/human_oesophagus_40.png
NuInsSeg/a_full_set_5fold/fold_1/tissue_images/human_oesophagus_47.png,NuInsSeg/a_full_set_5fold/fold_1/binary_masks/human_oesophagus_47.png
NuInsSeg/a_full_set_5fold/fold_1/tissue_images/human_pancreas_10.png,NuInsSeg/a_full_set_5fold/fold_1/binary_masks/human_pancreas_10.png
NuInsSeg/a_full_set_5fold/fold_1/tissue_images/human_pancreas_17.png,NuInsSeg/a_full_set_5fold/fold_1/binary_masks/human_pancreas_17.png
NuInsSeg/a_full_set_5fold/fold_1/tissue_images/human_pancreas_19.png,NuInsSeg/a_full_set_5fold/fold_1/binary_masks/human_pancreas_19.png
NuInsSeg/a_full_set_5fold/fold_1/tissue_images/human_pancreas_20.png,NuInsSeg/a_full_set_5fold/fold_1/binary_masks/human_pancreas_20.png
NuInsSeg/a_full_set_5fold/fold_1/tissue_images/human_pancreas_22.png,NuInsSeg/a_full_set_5fold/fold_1/binary_masks/human_pancreas_22.png
NuInsSeg/a_full_set_5fold/fold_1/tissue_images/human_pancreas_25.png,NuInsSeg/a_full_set_5fold/fold_1/binary_masks/human_pancreas_25.png
NuInsSeg/a_full_set_5fold/fold_1/tissue_images/human_pancreas_32.png,NuInsSeg/a_full_set_5fold/fold_1/binary_masks/human_pancreas_32.png
NuInsSeg/a_full_set_5fold/fold_1/tissue_images/human_pancreas_40.png,NuInsSeg/a_full_set_5fold/fold_1/binary_masks/human_pancreas_40.png
NuInsSeg/a_full_set_5fold/fold_1/tissue_images/human_pancreas_41.png,NuInsSeg/a_full_set_5fold/fold_1/binary_masks/human_pancreas_41.png
NuInsSeg/a_full_set_5fold/fold_1/tissue_images/human_peritoneum_11.png,NuInsSeg/a_full_set_5fold/fold_1/binary_masks/human_peritoneum_11.png
NuInsSeg/a_full_set_5fold/fold_1/tissue_images/human_peritoneum_3.png,NuInsSeg/a_full_set_5fold/fold_1/binary_masks/human_peritoneum_3.png
NuInsSeg/a_full_set_5fold/fold_1/tissue_images/human_placenta_07.png,NuInsSeg/a_full_set_5fold/fold_1/binary_masks/human_placenta_07.png
NuInsSeg/a_full_set_5fold/fold_1/tissue_images/human_placenta_09.png,NuInsSeg/a_full_set_5fold/fold_1/binary_masks/human_placenta_09.png
NuInsSeg/a_full_set_5fold/fold_1/tissue_images/human_placenta_22.png,NuInsSeg/a_full_set_5fold/fold_1/binary_masks/human_placenta_22.png
NuInsSeg/a_full_set_5fold/fold_1/tissue_images/human_placenta_24.png,NuInsSeg/a_full_set_5fold/fold_1/binary_masks/human_placenta_24.png
NuInsSeg/a_full_set_5fold/fold_1/tissue_images/human_placenta_25.png,NuInsSeg/a_full_set_5fold/fold_1/binary_masks/human_placenta_25.png
NuInsSeg/a_full_set_5fold/fold_1/tissue_images/human_placenta_32.png,NuInsSeg/a_full_set_5fold/fold_1/binary_masks/human_placenta_32.png
NuInsSeg/a_full_set_5fold/fold_1/tissue_images/human_placenta_35.png,NuInsSeg/a_full_set_5fold/fold_1/binary_masks/human_placenta_35.png
NuInsSeg/a_full_set_5fold/fold_1/tissue_images/human_placenta_40.png,NuInsSeg/a_full_set_5fold/fold_1/binary_masks/human_placenta_40.png
NuInsSeg/a_full_set_5fold/fold_1/tissue_images/human_pylorus_10.png,NuInsSeg/a_full_set_5fold/fold_1/binary_masks/human_pylorus_10.png
NuInsSeg/a_full_set_5fold/fold_1/tissue_images/human_pylorus_2.png,NuInsSeg/a_full_set_5fold/fold_1/binary_masks/human_pylorus_2.png
NuInsSeg/a_full_set_5fold/fold_1/tissue_images/human_pylorus_9.png,NuInsSeg/a_full_set_5fold/fold_1/binary_masks/human_pylorus_9.png
NuInsSeg/a_full_set_5fold/fold_1/tissue_images/human_rectum_1.png,NuInsSeg/a_full_set_5fold/fold_1/binary_masks/human_rectum_1.png
NuInsSeg/a_full_set_5fold/fold_1/tissue_images/human_rectum_6.png,NuInsSeg/a_full_set_5fold/fold_1/binary_masks/human_rectum_6.png
NuInsSeg/a_full_set_5fold/fold_1/tissue_images/human_salivory_07.png,NuInsSeg/a_full_set_5fold/fold_1/binary_masks/human_salivory_07.png
NuInsSeg/a_full_set_5fold/fold_1/tissue_images/human_salivory_09.png,NuInsSeg/a_full_set_5fold/fold_1/binary_masks/human_salivory_09.png
NuInsSeg/a_full_set_5fold/fold_1/tissue_images/human_salivory_10.png,NuInsSeg/a_full_set_5fold/fold_1/binary_masks/human_salivory_10.png
NuInsSeg/a_full_set_5fold/fold_1/tissue_images/human_salivory_17.png,NuInsSeg/a_full_set_5fold/fold_1/binary_masks/human_salivory_17.png
NuInsSeg/a_full_set_5fold/fold_1/tissue_images/human_salivory_19.png,NuInsSeg/a_full_set_5fold/fold_1/binary_masks/human_salivory_19.png
NuInsSeg/a_full_set_5fold/fold_1/tissue_images/human_salivory_32.png,NuInsSeg/a_full_set_5fold/fold_1/binary_masks/human_salivory_32.png
NuInsSeg/a_full_set_5fold/fold_1/tissue_images/human_salivory_35.png,NuInsSeg/a_full_set_5fold/fold_1/binary_masks/human_salivory_35.png
NuInsSeg/a_full_set_5fold/fold_1/tissue_images/human_salivory_39.png,NuInsSeg/a_full_set_5fold/fold_1/binary_masks/human_salivory_39.png
NuInsSeg/a_full_set_5fold/fold_1/tissue_images/human_salivory_40.png,NuInsSeg/a_full_set_5fold/fold_1/binary_masks/human_salivory_40.png
NuInsSeg/a_full_set_5fold/fold_1/tissue_images/human_spleen_02.png,NuInsSeg/a_full_set_5fold/fold_1/binary_masks/human_spleen_02.png
NuInsSeg/a_full_set_5fold/fold_1/tissue_images/human_spleen_05.png,NuInsSeg/a_full_set_5fold/fold_1/binary_masks/human_spleen_05.png
NuInsSeg/a_full_set_5fold/fold_1/tissue_images/human_spleen_20.png,NuInsSeg/a_full_set_5fold/fold_1/binary_masks/human_spleen_20.png
NuInsSeg/a_full_set_5fold/fold_1/tissue_images/human_spleen_28.png,NuInsSeg/a_full_set_5fold/fold_1/binary_masks/human_spleen_28.png
NuInsSeg/a_full_set_5fold/fold_1/tissue_images/human_spleen_29.png,NuInsSeg/a_full_set_5fold/fold_1/binary_masks/human_spleen_29.png
NuInsSeg/a_full_set_5fold/fold_1/tissue_images/human_spleen_30.png,NuInsSeg/a_full_set_5fold/fold_1/binary_masks/human_spleen_30.png
NuInsSeg/a_full_set_5fold/fold_1/tissue_images/human_spleen_32.png,NuInsSeg/a_full_set_5fold/fold_1/binary_masks/human_spleen_32.png
NuInsSeg/a_full_set_5fold/fold_1/tissue_images/human_testis_1.png,NuInsSeg/a_full_set_5fold/fold_1/binary_masks/human_testis_1.png
NuInsSeg/a_full_set_5fold/fold_1/tissue_images/human_testis_7.png,NuInsSeg/a_full_set_5fold/fold_1/binary_masks/human_testis_7.png
NuInsSeg/a_full_set_5fold/fold_1/tissue_images/human_tongue_03.png,NuInsSeg/a_full_set_5fold/fold_1/binary_masks/human_tongue_03.png
NuInsSeg/a_full_set_5fold/fold_1/tissue_images/human_tongue_04.png,NuInsSeg/a_full_set_5fold/fold_1/binary_masks/human_tongue_04.png
NuInsSeg/a_full_set_5fold/fold_1/tissue_images/human_tongue_20.png,NuInsSeg/a_full_set_5fold/fold_1/binary_masks/human_tongue_20.png
NuInsSeg/a_full_set_5fold/fold_1/tissue_images/human_tongue_21.png,NuInsSeg/a_full_set_5fold/fold_1/binary_masks/human_tongue_21.png
NuInsSeg/a_full_set_5fold/fold_1/tissue_images/human_tongue_26.png,NuInsSeg/a_full_set_5fold/fold_1/binary_masks/human_tongue_26.png
NuInsSeg/a_full_set_5fold/fold_1/tissue_images/human_tongue_31.png,NuInsSeg/a_full_set_5fold/fold_1/binary_masks/human_tongue_31.png
NuInsSeg/a_full_set_5fold/fold_1/tissue_images/human_tongue_36.png,NuInsSeg/a_full_set_5fold/fold_1/binary_masks/human_tongue_36.png
NuInsSeg/a_full_set_5fold/fold_1/tissue_images/human_tongue_38.png,NuInsSeg/a_full_set_5fold/fold_1/binary_masks/human_tongue_38.png
NuInsSeg/a_full_set_5fold/fold_1/tissue_images/human_tonsile_1.png,NuInsSeg/a_full_set_5fold/fold_1/binary_masks/human_tonsile_1.png
NuInsSeg/a_full_set_5fold/fold_1/tissue_images/human_tonsile_6.png,NuInsSeg/a_full_set_5fold/fold_1/binary_masks/human_tonsile_6.png
NuInsSeg/a_full_set_5fold/fold_1/tissue_images/human_umbilical_cord_02.png,NuInsSeg/a_full_set_5fold/fold_1/binary_masks/human_umbilical_cord_02.png
NuInsSeg/a_full_set_5fold/fold_1/tissue_images/human_umbilical_cord_05.png,NuInsSeg/a_full_set_5fold/fold_1/binary_masks/human_umbilical_cord_05.png
NuInsSeg/a_full_set_5fold/fold_1/tissue_images/human_umbilical_cord_11.png,NuInsSeg/a_full_set_5fold/fold_1/binary_masks/human_umbilical_cord_11.png
NuInsSeg/a_full_set_5fold/fold_1/tissue_images/mouse_femur_03.png,NuInsSeg/a_full_set_5fold/fold_1/binary_masks/mouse_femur_03.png
NuInsSeg/a_full_set_5fold/fold_1/tissue_images/mouse_heart_07.png,NuInsSeg/a_full_set_5fold/fold_1/binary_masks/mouse_heart_07.png
NuInsSeg/a_full_set_5fold/fold_1/tissue_images/mouse_heart_09.png,NuInsSeg/a_full_set_5fold/fold_1/binary_masks/mouse_heart_09.png
NuInsSeg/a_full_set_5fold/fold_1/tissue_images/mouse_heart_19.png,NuInsSeg/a_full_set_5fold/fold_1/binary_masks/mouse_heart_19.png
NuInsSeg/a_full_set_5fold/fold_1/tissue_images/mouse_heart_22.png,NuInsSeg/a_full_set_5fold/fold_1/binary_masks/mouse_heart_22.png
NuInsSeg/a_full_set_5fold/fold_1/tissue_images/mouse_heart_25.png,NuInsSeg/a_full_set_5fold/fold_1/binary_masks/mouse_heart_25.png
NuInsSeg/a_full_set_5fold/fold_1/tissue_images/mouse_kidney_03.png,NuInsSeg/a_full_set_5fold/fold_1/binary_masks/mouse_kidney_03.png
NuInsSeg/a_full_set_5fold/fold_1/tissue_images/mouse_kidney_04.png,NuInsSeg/a_full_set_5fold/fold_1/binary_masks/mouse_kidney_04.png
NuInsSeg/a_full_set_5fold/fold_1/tissue_images/mouse_kidney_20.png,NuInsSeg/a_full_set_5fold/fold_1/binary_masks/mouse_kidney_20.png
NuInsSeg/a_full_set_5fold/fold_1/tissue_images/mouse_kidney_21.png,NuInsSeg/a_full_set_5fold/fold_1/binary_masks/mouse_kidney_21.png
NuInsSeg/a_full_set_5fold/fold_1/tissue_images/mouse_kidney_26.png,NuInsSeg/a_full_set_5fold/fold_1/binary_masks/mouse_kidney_26.png
NuInsSeg/a_full_set_5fold/fold_1/tissue_images/mouse_kidney_31.png,NuInsSeg/a_full_set_5fold/fold_1/binary_masks/mouse_kidney_31.png
NuInsSeg/a_full_set_5fold/fold_1/tissue_images/mouse_kidney_36.png,NuInsSeg/a_full_set_5fold/fold_1/binary_masks/mouse_kidney_36.png
NuInsSeg/a_full_set_5fold/fold_1/tissue_images/mouse_kidney_38.png,NuInsSeg/a_full_set_5fold/fold_1/binary_masks/mouse_kidney_38.png
NuInsSeg/a_full_set_5fold/fold_1/tissue_images/mouse_liver_02.png,NuInsSeg/a_full_set_5fold/fold_1/binary_masks/mouse_liver_02.png
NuInsSeg/a_full_set_5fold/fold_1/tissue_images/mouse_liver_05.png,NuInsSeg/a_full_set_5fold/fold_1/binary_masks/mouse_liver_05.png
NuInsSeg/a_full_set_5fold/fold_1/tissue_images/mouse_liver_12.png,NuInsSeg/a_full_set_5fold/fold_1/binary_masks/mouse_liver_12.png
NuInsSeg/a_full_set_5fold/fold_1/tissue_images/mouse_liver_13.png,NuInsSeg/a_full_set_5fold/fold_1/binary_masks/mouse_liver_13.png
NuInsSeg/a_full_set_5fold/fold_1/tissue_images/mouse_liver_14.png,NuInsSeg/a_full_set_5fold/fold_1/binary_masks/mouse_liver_14.png
NuInsSeg/a_full_set_5fold/fold_1/tissue_images/mouse_liver_15.png,NuInsSeg/a_full_set_5fold/fold_1/binary_masks/mouse_liver_15.png
NuInsSeg/a_full_set_5fold/fold_1/tissue_images/mouse_liver_30.png,NuInsSeg/a_full_set_5fold/fold_1/binary_masks/mouse_liver_30.png
NuInsSeg/a_full_set_5fold/fold_1/tissue_images/mouse_liver_35.png,NuInsSeg/a_full_set_5fold/fold_1/binary_masks/mouse_liver_35.png
NuInsSeg/a_full_set_5fold/fold_1/tissue_images/mouse_muscle_tibia_01.png,NuInsSeg/a_full_set_5fold/fold_1/binary_masks/mouse_muscle_tibia_01.png
NuInsSeg/a_full_set_5fold/fold_1/tissue_images/mouse_muscle_tibia_06.png,NuInsSeg/a_full_set_5fold/fold_1/binary_masks/mouse_muscle_tibia_06.png
NuInsSeg/a_full_set_5fold/fold_1/tissue_images/mouse_muscle_tibia_08.png,NuInsSeg/a_full_set_5fold/fold_1/binary_masks/mouse_muscle_tibia_08.png
NuInsSeg/a_full_set_5fold/fold_1/tissue_images/mouse_muscle_tibia_23.png,NuInsSeg/a_full_set_5fold/fold_1/binary_masks/mouse_muscle_tibia_23.png
NuInsSeg/a_full_set_5fold/fold_1/tissue_images/mouse_muscle_tibia_24.png,NuInsSeg/a_full_set_5fold/fold_1/binary_masks/mouse_muscle_tibia_24.png
NuInsSeg/a_full_set_5fold/fold_1/tissue_images/mouse_spleen_05.png,NuInsSeg/a_full_set_5fold/fold_1/binary_masks/mouse_spleen_05.png
NuInsSeg/a_full_set_5fold/fold_1/tissue_images/mouse_spleen_06.png,NuInsSeg/a_full_set_5fold/fold_1/binary_masks/mouse_spleen_06.png
NuInsSeg/a_full_set_5fold/fold_1/tissue_images/mouse_subscapula_10.png,NuInsSeg/a_full_set_5fold/fold_1/binary_masks/mouse_subscapula_10.png
NuInsSeg/a_full_set_5fold/fold_1/tissue_images/mouse_subscapula_17.png,NuInsSeg/a_full_set_5fold/fold_1/binary_masks/mouse_subscapula_17.png
NuInsSeg/a_full_set_5fold/fold_1/tissue_images/mouse_subscapula_19.png,NuInsSeg/a_full_set_5fold/fold_1/binary_masks/mouse_subscapula_19.png
NuInsSeg/a_full_set_5fold/fold_1/tissue_images/mouse_subscapula_22.png,NuInsSeg/a_full_set_5fold/fold_1/binary_masks/mouse_subscapula_22.png
NuInsSeg/a_full_set_5fold/fold_1/tissue_images/mouse_subscapula_25.png,NuInsSeg/a_full_set_5fold/fold_1/binary_masks/mouse_subscapula_25.png
NuInsSeg/a_full_set_5fold/fold_1/tissue_images/mouse_subscapula_32.png,NuInsSeg/a_full_set_5fold/fold_1/binary_masks/mouse_subscapula_32.png
NuInsSeg/a_full_set_5fold/fold_1/tissue_images/mouse_subscapula_33.png,NuInsSeg/a_full_set_5fold/fold_1/binary_masks/mouse_subscapula_33.png
NuInsSeg/a_full_set_5fold/fold_1/tissue_images/mouse_subscapula_35.png,NuInsSeg/a_full_set_5fold/fold_1/binary_masks/mouse_subscapula_35.png
NuInsSeg/a_full_set_5fold/fold_1/tissue_images/mouse_thymus_02.png,NuInsSeg/a_full_set_5fold/fold_1/binary_masks/mouse_thymus_02.png
NuInsSeg/a_full_set_5fold/fold_2/tissue_images/human_bladder_07.png,NuInsSeg/a_full_set_5fold/fold_2/binary_masks/human_bladder_07.png
NuInsSeg/a_full_set_5fold/fold_2/tissue_images/human_bladder_09.png,NuInsSeg/a_full_set_5fold/fold_2/binary_masks/human_bladder_09.png
NuInsSeg/a_full_set_5fold/fold_2/tissue_images/human_brain_11.png,NuInsSeg/a_full_set_5fold/fold_2/binary_masks/human_brain_11.png
NuInsSeg/a_full_set_5fold/fold_2/tissue_images/human_brain_12.png,NuInsSeg/a_full_set_5fold/fold_2/binary_masks/human_brain_12.png
NuInsSeg/a_full_set_5fold/fold_2/tissue_images/human_brain_7.png,NuInsSeg/a_full_set_5fold/fold_2/binary_masks/human_brain_7.png
NuInsSeg/a_full_set_5fold/fold_2/tissue_images/human_cardia_12.png,NuInsSeg/a_full_set_5fold/fold_2/binary_masks/human_cardia_12.png
NuInsSeg/a_full_set_5fold/fold_2/tissue_images/human_cardia_7.png,NuInsSeg/a_full_set_5fold/fold_2/binary_masks/human_cardia_7.png
NuInsSeg/a_full_set_5fold/fold_2/tissue_images/human_cerebellum_10.png,NuInsSeg/a_full_set_5fold/fold_2/binary_masks/human_cerebellum_10.png
NuInsSeg/a_full_set_5fold/fold_2/tissue_images/human_cerebellum_5.png,NuInsSeg/a_full_set_5fold/fold_2/binary_masks/human_cerebellum_5.png
NuInsSeg/a_full_set_5fold/fold_2/tissue_images/human_cerebellum_9.png,NuInsSeg/a_full_set_5fold/fold_2/binary_masks/human_cerebellum_9.png
NuInsSeg/a_full_set_5fold/fold_2/tissue_images/human_epiglottis_11.png,NuInsSeg/a_full_set_5fold/fold_2/binary_masks/human_epiglottis_11.png
NuInsSeg/a_full_set_5fold/fold_2/tissue_images/human_epiglottis_12.png,NuInsSeg/a_full_set_5fold/fold_2/binary_masks/human_epiglottis_12.png
NuInsSeg/a_full_set_5fold/fold_2/tissue_images/human_jejunum_07.png,NuInsSeg/a_full_set_5fold/fold_2/binary_masks/human_jejunum_07.png
NuInsSeg/a_full_set_5fold/fold_2/tissue_images/human_jejunum_09.png,NuInsSeg/a_full_set_5fold/fold_2/binary_masks/human_jejunum_09.png
NuInsSeg/a_full_set_5fold/fold_2/tissue_images/human_kidney_06.png,NuInsSeg/a_full_set_5fold/fold_2/binary_masks/human_kidney_06.png
NuInsSeg/a_full_set_5fold/fold_2/tissue_images/human_kidney_08.png,NuInsSeg/a_full_set_5fold/fold_2/binary_masks/human_kidney_08.png
NuInsSeg/a_full_set_5fold/fold_2/tissue_images/human_liver_11.png,NuInsSeg/a_full_set_5fold/fold_2/binary_masks/human_liver_11.png
NuInsSeg/a_full_set_5fold/fold_2/tissue_images/human_liver_15.png,NuInsSeg/a_full_set_5fold/fold_2/binary_masks/human_liver_15.png
NuInsSeg/a_full_set_5fold/fold_2/tissue_images/human_liver_16.png,NuInsSeg/a_full_set_5fold/fold_2/binary_masks/human_liver_16.png
NuInsSeg/a_full_set_5fold/fold_2/tissue_images/human_liver_18.png,NuInsSeg/a_full_set_5fold/fold_2/binary_masks/human_liver_18.png
NuInsSeg/a_full_set_5fold/fold_2/tissue_images/human_liver_20.png,NuInsSeg/a_full_set_5fold/fold_2/binary_masks/human_liver_20.png
NuInsSeg/a_full_set_5fold/fold_2/tissue_images/human_liver_24.png,NuInsSeg/a_full_set_5fold/fold_2/binary_masks/human_liver_24.png
NuInsSeg/a_full_set_5fold/fold_2/tissue_images/human_liver_27.png,NuInsSeg/a_full_set_5fold/fold_2/binary_masks/human_liver_27.png
NuInsSeg/a_full_set_5fold/fold_2/tissue_images/human_liver_29.png,NuInsSeg/a_full_set_5fold/fold_2/binary_masks/human_liver_29.png
NuInsSeg/a_full_set_5fold/fold_2/tissue_images/human_lung_12.png,NuInsSeg/a_full_set_5fold/fold_2/binary_masks/human_lung_12.png
NuInsSeg/a_full_set_5fold/fold_2/tissue_images/human_lung_9.png,NuInsSeg/a_full_set_5fold/fold_2/binary_masks/human_lung_9.png
NuInsSeg/a_full_set_5fold/fold_2/tissue_images/human_melanoma_02.png,NuInsSeg/a_full_set_5fold/fold_2/binary_masks/human_melanoma_02.png
NuInsSeg/a_full_set_5fold/fold_2/tissue_images/human_melanoma_09.png,NuInsSeg/a_full_set_5fold/fold_2/binary_masks/human_melanoma_09.png
NuInsSeg/a_full_set_5fold/fold_2/tissue_images/human_melanoma_10.png,NuInsSeg/a_full_set_5fold/fold_2/binary_masks/human_melanoma_10.png
NuInsSeg/a_full_set_5fold/fold_2/tissue_images/human_muscle_2.png,NuInsSeg/a_full_set_5fold/fold_2/binary_masks/human_muscle_2.png
NuInsSeg/a_full_set_5fold/fold_2/tissue_images/human_oesophagus_02.png,NuInsSeg/a_full_set_5fold/fold_2/binary_masks/human_oesophagus_02.png
NuInsSeg/a_full_set_5fold/fold_2/tissue_images/human_oesophagus_11.png,NuInsSeg/a_full_set_5fold/fold_2/binary_masks/human_oesophagus_11.png
NuInsSeg/a_full_set_5fold/fold_2/tissue_images/human_oesophagus_15.png,NuInsSeg/a_full_set_5fold/fold_2/binary_masks/human_oesophagus_15.png
NuInsSeg/a_full_set_5fold/fold_2/tissue_images/human_oesophagus_16.png,NuInsSeg/a_full_set_5fold/fold_2/binary_masks/human_oesophagus_16.png
NuInsSeg/a_full_set_5fold/fold_2/tissue_images/human_oesophagus_18.png,NuInsSeg/a_full_set_5fold/fold_2/binary_masks/human_oesophagus_18.png
NuInsSeg/a_full_set_5fold/fold_2/tissue_images/human_oesophagus_20.png,NuInsSeg/a_full_set_5fold/fold_2/binary_masks/human_oesophagus_20.png
NuInsSeg/a_full_set_5fold/fold_2/tissue_images/human_oesophagus_23.png,NuInsSeg/a_full_set_5fold/fold_2/binary_masks/human_oesophagus_23.png
NuInsSeg/a_full_set_5fold/fold_2/tissue_images/human_oesophagus_24.png,NuInsSeg/a_full_set_5fold/fold_2/binary_masks/human_oesophagus_24.png
NuInsSeg/a_full_set_5fold/fold_2/tissue_images/human_oesophagus_27.png,NuInsSeg/a_full_set_5fold/fold_2/binary_masks/human_oesophagus_27.png
NuInsSeg/a_full_set_5fold/fold_2/tissue_images/human_oesophagus_29.png,NuInsSeg/a_full_set_5fold/fold_2/binary_masks/human_oesophagus_29.png
NuInsSeg/a_full_set_5fold/fold_2/tissue_images/human_pancreas_01.png,NuInsSeg/a_full_set_5fold/fold_2/binary_masks/human_pancreas_01.png
NuInsSeg/a_full_set_5fold/fold_2/tissue_images/human_pancreas_06.png,NuInsSeg/a_full_set_5fold/fold_2/binary_masks/human_pancreas_06.png
NuInsSeg/a_full_set_5fold/fold_2/tissue_images/human_pancreas_08.png,NuInsSeg/a_full_set_5fold/fold_2/binary_masks/human_pancreas_08.png
NuInsSeg/a_full_set_5fold/fold_2/tissue_images/human_pancreas_27.png,NuInsSeg/a_full_set_5fold/fold_2/binary_masks/human_pancreas_27.png
NuInsSeg/a_full_set_5fold/fold_2/tissue_images/human_pancreas_33.png,NuInsSeg/a_full_set_5fold/fold_2/binary_masks/human_pancreas_33.png
NuInsSeg/a_full_set_5fold/fold_2/tissue_images/human_pancreas_34.png,NuInsSeg/a_full_set_5fold/fold_2/binary_masks/human_pancreas_34.png
NuInsSeg/a_full_set_5fold/fold_2/tissue_images/human_pancreas_37.png,NuInsSeg/a_full_set_5fold/fold_2/binary_masks/human_pancreas_37.png
NuInsSeg/a_full_set_5fold/fold_2/tissue_images/human_pancreas_39.png,NuInsSeg/a_full_set_5fold/fold_2/binary_masks/human_pancreas_39.png
NuInsSeg/a_full_set_5fold/fold_2/tissue_images/human_pancreas_42.png,NuInsSeg/a_full_set_5fold/fold_2/binary_masks/human_pancreas_42.png
NuInsSeg/a_full_set_5fold/fold_2/tissue_images/human_peritoneum_2.png,NuInsSeg/a_full_set_5fold/fold_2/binary_masks/human_peritoneum_2.png
NuInsSeg/a_full_set_5fold/fold_2/tissue_images/human_peritoneum_5.png,NuInsSeg/a_full_set_5fold/fold_2/binary_masks/human_peritoneum_5.png
NuInsSeg/a_full_set_5fold/fold_2/tissue_images/human_placenta_11.png,NuInsSeg/a_full_set_5fold/fold_2/binary_masks/human_placenta_11.png
NuInsSeg/a_full_set_5fold/fold_2/tissue_images/human_placenta_12.png,NuInsSeg/a_full_set_5fold/fold_2/binary_masks/human_placenta_12.png
NuInsSeg/a_full_set_5fold/fold_2/tissue_images/human_placenta_16.png,NuInsSeg/a_full_set_5fold/fold_2/binary_masks/human_placenta_16.png
NuInsSeg/a_full_set_5fold/fold_2/tissue_images/human_placenta_18.png,NuInsSeg/a_full_set_5fold/fold_2/binary_masks/human_placenta_18.png
NuInsSeg/a_full_set_5fold/fold_2/tissue_images/human_placenta_20.png,NuInsSeg/a_full_set_5fold/fold_2/binary_masks/human_placenta_20.png
NuInsSeg/a_full_set_5fold/fold_2/tissue_images/human_placenta_23.png,NuInsSeg/a_full_set_5fold/fold_2/binary_masks/human_placenta_23.png
NuInsSeg/a_full_set_5fold/fold_2/tissue_images/human_placenta_27.png,NuInsSeg/a_full_set_5fold/fold_2/binary_masks/human_placenta_27.png
NuInsSeg/a_full_set_5fold/fold_2/tissue_images/human_placenta_29.png,NuInsSeg/a_full_set_5fold/fold_2/binary_masks/human_placenta_29.png
NuInsSeg/a_full_set_5fold/fold_2/tissue_images/human_pylorus_11.png,NuInsSeg/a_full_set_5fold/fold_2/binary_masks/human_pylorus_11.png
NuInsSeg/a_full_set_5fold/fold_2/tissue_images/human_pylorus_5.png,NuInsSeg/a_full_set_5fold/fold_2/binary_masks/human_pylorus_5.png
NuInsSeg/a_full_set_5fold/fold_2/tissue_images/human_rectum_10.png,NuInsSeg/a_full_set_5fold/fold_2/binary_masks/human_rectum_10.png
NuInsSeg/a_full_set_5fold/fold_2/tissue_images/human_rectum_2.png,NuInsSeg/a_full_set_5fold/fold_2/binary_masks/human_rectum_2.png
NuInsSeg/a_full_set_5fold/fold_2/tissue_images/human_rectum_7.png,NuInsSeg/a_full_set_5fold/fold_2/binary_masks/human_rectum_7.png
NuInsSeg/a_full_set_5fold/fold_2/tissue_images/human_salivory_11.png,NuInsSeg/a_full_set_5fold/fold_2/binary_masks/human_salivory_11.png
NuInsSeg/a_full_set_5fold/fold_2/tissue_images/human_salivory_12.png,NuInsSeg/a_full_set_5fold/fold_2/binary_masks/human_salivory_12.png
NuInsSeg/a_full_set_5fold/fold_2/tissue_images/human_salivory_15.png,NuInsSeg/a_full_set_5fold/fold_2/binary_masks/human_salivory_15.png
NuInsSeg/a_full_set_5fold/fold_2/tissue_images/human_salivory_16.png,NuInsSeg/a_full_set_5fold/fold_2/binary_masks/human_salivory_16.png
NuInsSeg/a_full_set_5fold/fold_2/tissue_images/human_salivory_18.png,NuInsSeg/a_full_set_5fold/fold_2/binary_masks/human_salivory_18.png
NuInsSeg/a_full_set_5fold/fold_2/tissue_images/human_salivory_23.png,NuInsSeg/a_full_set_5fold/fold_2/binary_masks/human_salivory_23.png
NuInsSeg/a_full_set_5fold/fold_2/tissue_images/human_salivory_24.png,NuInsSeg/a_full_set_5fold/fold_2/binary_masks/human_salivory_24.png
NuInsSeg/a_full_set_5fold/fold_2/tissue_images/human_salivory_29.png,NuInsSeg/a_full_set_5fold/fold_2/binary_masks/human_salivory_29.png
NuInsSeg/a_full_set_5fold/fold_2/tissue_images/human_salivory_42.png,NuInsSeg/a_full_set_5fold/fold_2/binary_masks/human_salivory_42.png
NuInsSeg/a_full_set_5fold/fold_2/tissue_images/human_spleen_13.png,NuInsSeg/a_full_set_5fold/fold_2/binary_masks/human_spleen_13.png
NuInsSeg/a_full_set_5fold/fold_2/tissue_images/human_spleen_14.png,NuInsSeg/a_full_set_5fold/fold_2/binary_masks/human_spleen_14.png
NuInsSeg/a_full_set_5fold/fold_2/tissue_images/human_spleen_21.png,NuInsSeg/a_full_set_5fold/fold_2/binary_masks/human_spleen_21.png
NuInsSeg/a_full_set_5fold/fold_2/tissue_images/human_spleen_22.png,NuInsSeg/a_full_set_5fold/fold_2/binary_masks/human_spleen_22.png
NuInsSeg/a_full_set_5fold/fold_2/tissue_images/human_spleen_25.png,NuInsSeg/a_full_set_5fold/fold_2/binary_masks/human_spleen_25.png
NuInsSeg/a_full_set_5fold/fold_2/tissue_images/human_spleen_26.png,NuInsSeg/a_full_set_5fold/fold_2/binary_masks/human_spleen_26.png
NuInsSeg/a_full_set_5fold/fold_2/tissue_images/human_testis_3.png,NuInsSeg/a_full_set_5fold/fold_2/binary_masks/human_testis_3.png
NuInsSeg/a_full_set_5fold/fold_2/tissue_images/human_testis_6.png,NuInsSeg/a_full_set_5fold/fold_2/binary_masks/human_testis_6.png
NuInsSeg/a_full_set_5fold/fold_2/tissue_images/human_testis_8.png,NuInsSeg/a_full_set_5fold/fold_2/binary_masks/human_testis_8.png
NuInsSeg/a_full_set_5fold/fold_2/tissue_images/human_tongue_12.png,NuInsSeg/a_full_set_5fold/fold_2/binary_masks/human_tongue_12.png
NuInsSeg/a_full_set_5fold/fold_2/tissue_images/human_tongue_15.png,NuInsSeg/a_full_set_5fold/fold_2/binary_masks/human_tongue_15.png
NuInsSeg/a_full_set_5fold/fold_2/tissue_images/human_tongue_16.png,NuInsSeg/a_full_set_5fold/fold_2/binary_masks/human_tongue_16.png
NuInsSeg/a_full_set_5fold/fold_2/tissue_images/human_tongue_18.png,NuInsSeg/a_full_set_5fold/fold_2/binary_masks/human_tongue_18.png
NuInsSeg/a_full_set_5fold/fold_2/tissue_images/human_tongue_23.png,NuInsSeg/a_full_set_5fold/fold_2/binary_masks/human_tongue_23.png
NuInsSeg/a_full_set_5fold/fold_2/tissue_images/human_tongue_24.png,NuInsSeg/a_full_set_5fold/fold_2/binary_masks/human_tongue_24.png
NuInsSeg/a_full_set_5fold/fold_2/tissue_images/human_tongue_27.png,NuInsSeg/a_full_set_5fold/fold_2/binary_masks/human_tongue_27.png
NuInsSeg/a_full_set_5fold/fold_2/tissue_images/human_tongue_29.png,NuInsSeg/a_full_set_5fold/fold_2/binary_masks/human_tongue_29.png
NuInsSeg/a_full_set_5fold/fold_2/tissue_images/human_tonsile_10.png,NuInsSeg/a_full_set_5fold/fold_2/binary_masks/human_tonsile_10.png
NuInsSeg/a_full_set_5fold/fold_2/tissue_images/human_tonsile_7.png,NuInsSeg/a_full_set_5fold/fold_2/binary_masks/human_tonsile_7.png
NuInsSeg/a_full_set_5fold/fold_2/tissue_images/human_umbilical_cord_01.png,NuInsSeg/a_full_set_5fold/fold_2/binary_masks/human_umbilical_cord_01.png
NuInsSeg/a_full_set_5fold/fold_2/tissue_images/human_umbilical_cord_06.png,NuInsSeg/a_full_set_5fold/fold_2/binary_masks/human_umbilical_cord_06.png
NuInsSeg/a_full_set_5fold/fold_2/tissue_images/mouse_femur_01.png,NuInsSeg/a_full_set_5fold/fold_2/binary_masks/mouse_femur_01.png
NuInsSeg/a_full_set_5fold/fold_2/tissue_images/mouse_femur_02.png,NuInsSeg/a_full_set_5fold/fold_2/binary_masks/mouse_femur_02.png
NuInsSeg/a_full_set_5fold/fold_2/tissue_images/mouse_heart_11.png,NuInsSeg/a_full_set_5fold/fold_2/binary_masks/mouse_heart_11.png
NuInsSeg/a_full_set_5fold/fold_2/tissue_images/mouse_heart_16.png,NuInsSeg/a_full_set_5fold/fold_2/binary_masks/mouse_heart_16.png
NuInsSeg/a_full_set_5fold/fold_2/tissue_images/mouse_heart_18.png,NuInsSeg/a_full_set_5fold/fold_2/binary_masks/mouse_heart_18.png
NuInsSeg/a_full_set_5fold/fold_2/tissue_images/mouse_heart_23.png,NuInsSeg/a_full_set_5fold/fold_2/binary_masks/mouse_heart_23.png
NuInsSeg/a_full_set_5fold/fold_2/tissue_images/mouse_heart_24.png,NuInsSeg/a_full_set_5fold/fold_2/binary_masks/mouse_heart_24.png
NuInsSeg/a_full_set_5fold/fold_2/tissue_images/mouse_kidney_12.png,NuInsSeg/a_full_set_5fold/fold_2/binary_masks/mouse_kidney_12.png
NuInsSeg/a_full_set_5fold/fold_2/tissue_images/mouse_kidney_15.png,NuInsSeg/a_full_set_5fold/fold_2/binary_masks/mouse_kidney_15.png
NuInsSeg/a_full_set_5fold/fold_2/tissue_images/mouse_kidney_16.png,NuInsSeg/a_full_set_5fold/fold_2/binary_masks/mouse_kidney_16.png
NuInsSeg/a_full_set_5fold/fold_2/tissue_images/mouse_kidney_18.png,NuInsSeg/a_full_set_5fold/fold_2/binary_masks/mouse_kidney_18.png
NuInsSeg/a_full_set_5fold/fold_2/tissue_images/mouse_kidney_23.png,NuInsSeg/a_full_set_5fold/fold_2/binary_masks/mouse_kidney_23.png
NuInsSeg/a_full_set_5fold/fold_2/tissue_images/mouse_kidney_24.png,NuInsSeg/a_full_set_5fold/fold_2/binary_masks/mouse_kidney_24.png
NuInsSeg/a_full_set_5fold/fold_2/tissue_images/mouse_kidney_27.png,NuInsSeg/a_full_set_5fold/fold_2/binary_masks/mouse_kidney_27.png
NuInsSeg/a_full_set_5fold/fold_2/tissue_images/mouse_kidney_29.png,NuInsSeg/a_full_set_5fold/fold_2/binary_masks/mouse_kidney_29.png
NuInsSeg/a_full_set_5fold/fold_2/tissue_images/mouse_liver_10.png,NuInsSeg/a_full_set_5fold/fold_2/binary_masks/mouse_liver_10.png
NuInsSeg/a_full_set_5fold/fold_2/tissue_images/mouse_liver_17.png,NuInsSeg/a_full_set_5fold/fold_2/binary_masks/mouse_liver_17.png
NuInsSeg/a_full_set_5fold/fold_2/tissue_images/mouse_liver_19.png,NuInsSeg/a_full_set_5fold/fold_2/binary_masks/mouse_liver_19.png
NuInsSeg/a_full_set_5fold/fold_2/tissue_images/mouse_liver_21.png,NuInsSeg/a_full_set_5fold/fold_2/binary_masks/mouse_liver_21.png
NuInsSeg/a_full_set_5fold/fold_2/tissue_images/mouse_liver_22.png,NuInsSeg/a_full_set_5fold/fold_2/binary_masks/mouse_liver_22.png
NuInsSeg/a_full_set_5fold/fold_2/tissue_images/mouse_liver_26.png,NuInsSeg/a_full_set_5fold/fold_2/binary_masks/mouse_liver_26.png
NuInsSeg/a_full_set_5fold/fold_2/tissue_images/mouse_liver_28.png,NuInsSeg/a_full_set_5fold/fold_2/binary_masks/mouse_liver_28.png
NuInsSeg/a_full_set_5fold/fold_2/tissue_images/mouse_muscle_tibia_03.png,NuInsSeg/a_full_set_5fold/fold_2/binary_masks/mouse_muscle_tibia_03.png
NuInsSeg/a_full_set_5fold/fold_2/tissue_images/mouse_muscle_tibia_10.png,NuInsSeg/a_full_set_5fold/fold_2/binary_masks/mouse_muscle_tibia_10.png
NuInsSeg/a_full_set_5fold/fold_2/tissue_images/mouse_muscle_tibia_17.png,NuInsSeg/a_full_set_5fold/fold_2/binary_masks/mouse_muscle_tibia_17.png
NuInsSeg/a_full_set_5fold/fold_2/tissue_images/mouse_muscle_tibia_19.png,NuInsSeg/a_full_set_5fold/fold_2/binary_masks/mouse_muscle_tibia_19.png
NuInsSeg/a_full_set_5fold/fold_2/tissue_images/mouse_muscle_tibia_22.png,NuInsSeg/a_full_set_5fold/fold_2/binary_masks/mouse_muscle_tibia_22.png
NuInsSeg/a_full_set_5fold/fold_2/tissue_images/mouse_muscle_tibia_25.png,NuInsSeg/a_full_set_5fold/fold_2/binary_masks/mouse_muscle_tibia_25.png
NuInsSeg/a_full_set_5fold/fold_2/tissue_images/mouse_spleen_07.png,NuInsSeg/a_full_set_5fold/fold_2/binary_masks/mouse_spleen_07.png
NuInsSeg/a_full_set_5fold/fold_2/tissue_images/mouse_subscapula_01.png,NuInsSeg/a_full_set_5fold/fold_2/binary_masks/mouse_subscapula_01.png
NuInsSeg/a_full_set_5fold/fold_2/tissue_images/mouse_subscapula_06.png,NuInsSeg/a_full_set_5fold/fold_2/binary_masks/mouse_subscapula_06.png
NuInsSeg/a_full_set_5fold/fold_2/tissue_images/mouse_subscapula_08.png,NuInsSeg/a_full_set_5fold/fold_2/binary_masks/mouse_subscapula_08.png
NuInsSeg/a_full_set_5fold/fold_2/tissue_images/mouse_subscapula_12.png,NuInsSeg/a_full_set_5fold/fold_2/binary_masks/mouse_subscapula_12.png
NuInsSeg/a_full_set_5fold/fold_2/tissue_images/mouse_subscapula_30.png,NuInsSeg/a_full_set_5fold/fold_2/binary_masks/mouse_subscapula_30.png
NuInsSeg/a_full_set_5fold/fold_2/tissue_images/mouse_subscapula_34.png,NuInsSeg/a_full_set_5fold/fold_2/binary_masks/mouse_subscapula_34.png
NuInsSeg/a_full_set_5fold/fold_2/tissue_images/mouse_subscapula_37.png,NuInsSeg/a_full_set_5fold/fold_2/binary_masks/mouse_subscapula_37.png
NuInsSeg/a_full_set_5fold/fold_2/tissue_images/mouse_subscapula_41.png,NuInsSeg/a_full_set_5fold/fold_2/binary_masks/mouse_subscapula_41.png
NuInsSeg/a_full_set_5fold/fold_2/tissue_images/mouse_subscapula_42.png,NuInsSeg/a_full_set_5fold/fold_2/binary_masks/mouse_subscapula_42.png
NuInsSeg/a_full_set_5fold/fold_2/tissue_images/mouse_thymus_03.png,NuInsSeg/a_full_set_5fold/fold_2/binary_masks/mouse_thymus_03.png
NuInsSeg/a_full_set_5fold/fold_4/tissue_images/human_bladder_03.png,NuInsSeg/a_full_set_5fold/fold_4/binary_masks/human_bladder_03.png
NuInsSeg/a_full_set_5fold/fold_4/tissue_images/human_bladder_04.png,NuInsSeg/a_full_set_5fold/fold_4/binary_masks/human_bladder_04.png
NuInsSeg/a_full_set_5fold/fold_4/tissue_images/human_brain_10.png,NuInsSeg/a_full_set_5fold/fold_4/binary_masks/human_brain_10.png
NuInsSeg/a_full_set_5fold/fold_4/tissue_images/human_brain_8.png,NuInsSeg/a_full_set_5fold/fold_4/binary_masks/human_brain_8.png
NuInsSeg/a_full_set_5fold/fold_4/tissue_images/human_cardia_10.png,NuInsSeg/a_full_set_5fold/fold_4/binary_masks/human_cardia_10.png
NuInsSeg/a_full_set_5fold/fold_4/tissue_images/human_cardia_11.png,NuInsSeg/a_full_set_5fold/fold_4/binary_masks/human_cardia_11.png
NuInsSeg/a_full_set_5fold/fold_4/tissue_images/human_cardia_2.png,NuInsSeg/a_full_set_5fold/fold_4/binary_masks/human_cardia_2.png
NuInsSeg/a_full_set_5fold/fold_4/tissue_images/human_cerebellum_1.png,NuInsSeg/a_full_set_5fold/fold_4/binary_masks/human_cerebellum_1.png
NuInsSeg/a_full_set_5fold/fold_4/tissue_images/human_cerebellum_12.png,NuInsSeg/a_full_set_5fold/fold_4/binary_masks/human_cerebellum_12.png
NuInsSeg/a_full_set_5fold/fold_4/tissue_images/human_epiglottis_10.png,NuInsSeg/a_full_set_5fold/fold_4/binary_masks/human_epiglottis_10.png
NuInsSeg/a_full_set_5fold/fold_4/tissue_images/human_epiglottis_5.png,NuInsSeg/a_full_set_5fold/fold_4/binary_masks/human_epiglottis_5.png
NuInsSeg/a_full_set_5fold/fold_4/tissue_images/human_jejunum_02.png,NuInsSeg/a_full_set_5fold/fold_4/binary_masks/human_jejunum_02.png
NuInsSeg/a_full_set_5fold/fold_4/tissue_images/human_jejunum_05.png,NuInsSeg/a_full_set_5fold/fold_4/binary_masks/human_jejunum_05.png
NuInsSeg/a_full_set_5fold/fold_4/tissue_images/human_kidney_07.png,NuInsSeg/a_full_set_5fold/fold_4/binary_masks/human_kidney_07.png
NuInsSeg/a_full_set_5fold/fold_4/tissue_images/human_kidney_09.png,NuInsSeg/a_full_set_5fold/fold_4/binary_masks/human_kidney_09.png
NuInsSeg/a_full_set_5fold/fold_4/tissue_images/human_kidney_11.png,NuInsSeg/a_full_set_5fold/fold_4/binary_masks/human_kidney_11.png
NuInsSeg/a_full_set_5fold/fold_4/tissue_images/human_liver_02.png,NuInsSeg/a_full_set_5fold/fold_4/binary_masks/human_liver_02.png
NuInsSeg/a_full_set_5fold/fold_4/tissue_images/human_liver_05.png,NuInsSeg/a_full_set_5fold/fold_4/binary_masks/human_liver_05.png
NuInsSeg/a_full_set_5fold/fold_4/tissue_images/human_liver_21.png,NuInsSeg/a_full_set_5fold/fold_4/binary_masks/human_liver_21.png
NuInsSeg/a_full_set_5fold/fold_4/tissue_images/human_liver_26.png,NuInsSeg/a_full_set_5fold/fold_4/binary_masks/human_liver_26.png
NuInsSeg/a_full_set_5fold/fold_4/tissue_images/human_liver_28.png,NuInsSeg/a_full_set_5fold/fold_4/binary_masks/human_liver_28.png
NuInsSeg/a_full_set_5fold/fold_4/tissue_images/human_liver_30.png,NuInsSeg/a_full_set_5fold/fold_4/binary_masks/human_liver_30.png
NuInsSeg/a_full_set_5fold/fold_4/tissue_images/human_liver_37.png,NuInsSeg/a_full_set_5fold/fold_4/binary_masks/human_liver_37.png
NuInsSeg/a_full_set_5fold/fold_4/tissue_images/human_liver_39.png,NuInsSeg/a_full_set_5fold/fold_4/binary_masks/human_liver_39.png
NuInsSeg/a_full_set_5fold/fold_4/tissue_images/human_lung_10.png,NuInsSeg/a_full_set_5fold/fold_4/binary_masks/human_lung_10.png
NuInsSeg/a_full_set_5fold/fold_4/tissue_images/human_lung_11.png,NuInsSeg/a_full_set_5fold/fold_4/binary_masks/human_lung_11.png
NuInsSeg/a_full_set_5fold/fold_4/tissue_images/human_melanoma_08.png,NuInsSeg/a_full_set_5fold/fold_4/binary_masks/human_melanoma_08.png
NuInsSeg/a_full_set_5fold/fold_4/tissue_images/human_melanoma_11.png,NuInsSeg/a_full_set_5fold/fold_4/binary_masks/human_melanoma_11.png
NuInsSeg/a_full_set_5fold/fold_4/tissue_images/human_muscle_6.png,NuInsSeg/a_full_set_5fold/fold_4/binary_masks/human_muscle_6.png
NuInsSeg/a_full_set_5fold/fold_4/tissue_images/human_muscle_9.png,NuInsSeg/a_full_set_5fold/fold_4/binary_masks/human_muscle_9.png
NuInsSeg/a_full_set_5fold/fold_4/tissue_images/human_oesophagus_14.png,NuInsSeg/a_full_set_5fold/fold_4/binary_masks/human_oesophagus_14.png
NuInsSeg/a_full_set_5fold/fold_4/tissue_images/human_oesophagus_21.png,NuInsSeg/a_full_set_5fold/fold_4/binary_masks/human_oesophagus_21.png
NuInsSeg/a_full_set_5fold/fold_4/tissue_images/human_oesophagus_26.png,NuInsSeg/a_full_set_5fold/fold_4/binary_masks/human_oesophagus_26.png
NuInsSeg/a_full_set_5fold/fold_4/tissue_images/human_oesophagus_28.png,NuInsSeg/a_full_set_5fold/fold_4/binary_masks/human_oesophagus_28.png
NuInsSeg/a_full_set_5fold/fold_4/tissue_images/human_oesophagus_30.png,NuInsSeg/a_full_set_5fold/fold_4/binary_masks/human_oesophagus_30.png
NuInsSeg/a_full_set_5fold/fold_4/tissue_images/human_oesophagus_37.png,NuInsSeg/a_full_set_5fold/fold_4/binary_masks/human_oesophagus_37.png
NuInsSeg/a_full_set_5fold/fold_4/tissue_images/human_oesophagus_39.png,NuInsSeg/a_full_set_5fold/fold_4/binary_masks/human_oesophagus_39.png
NuInsSeg/a_full_set_5fold/fold_4/tissue_images/human_oesophagus_42.png,NuInsSeg/a_full_set_5fold/fold_4/binary_masks/human_oesophagus_42.png
NuInsSeg/a_full_set_5fold/fold_4/tissue_images/human_oesophagus_45.png,NuInsSeg/a_full_set_5fold/fold_4/binary_masks/human_oesophagus_45.png
NuInsSeg/a_full_set_5fold/fold_4/tissue_images/human_pancreas_03.png,NuInsSeg/a_full_set_5fold/fold_4/binary_masks/human_pancreas_03.png
NuInsSeg/a_full_set_5fold/fold_4/tissue_images/human_pancreas_04.png,NuInsSeg/a_full_set_5fold/fold_4/binary_masks/human_pancreas_04.png
NuInsSeg/a_full_set_5fold/fold_4/tissue_images/human_pancreas_12.png,NuInsSeg/a_full_set_5fold/fold_4/binary_masks/human_pancreas_12.png
NuInsSeg/a_full_set_5fold/fold_4/tissue_images/human_pancreas_29.png,NuInsSeg/a_full_set_5fold/fold_4/binary_masks/human_pancreas_29.png
NuInsSeg/a_full_set_5fold/fold_4/tissue_images/human_pancreas_31.png,NuInsSeg/a_full_set_5fold/fold_4/binary_masks/human_pancreas_31.png
NuInsSeg/a_full_set_5fold/fold_4/tissue_images/human_pancreas_36.png,NuInsSeg/a_full_set_5fold/fold_4/binary_masks/human_pancreas_36.png
NuInsSeg/a_full_set_5fold/fold_4/tissue_images/human_pancreas_38.png,NuInsSeg/a_full_set_5fold/fold_4/binary_masks/human_pancreas_38.png
NuInsSeg/a_full_set_5fold/fold_4/tissue_images/human_pancreas_43.png,NuInsSeg/a_full_set_5fold/fold_4/binary_masks/human_pancreas_43.png
NuInsSeg/a_full_set_5fold/fold_4/tissue_images/human_pancreas_44.png,NuInsSeg/a_full_set_5fold/fold_4/binary_masks/human_pancreas_44.png
NuInsSeg/a_full_set_5fold/fold_4/tissue_images/human_peritoneum_12.png,NuInsSeg/a_full_set_5fold/fold_4/binary_masks/human_peritoneum_12.png
NuInsSeg/a_full_set_5fold/fold_4/tissue_images/human_peritoneum_8.png,NuInsSeg/a_full_set_5fold/fold_4/binary_masks/human_peritoneum_8.png
NuInsSeg/a_full_set_5fold/fold_4/tissue_images/human_peritoneum_9.png,NuInsSeg/a_full_set_5fold/fold_4/binary_masks/human_peritoneum_9.png
NuInsSeg/a_full_set_5fold/fold_4/tissue_images/human_placenta_02.png,NuInsSeg/a_full_set_5fold/fold_4/binary_masks/human_placenta_02.png
NuInsSeg/a_full_set_5fold/fold_4/tissue_images/human_placenta_05.png,NuInsSeg/a_full_set_5fold/fold_4/binary_masks/human_placenta_05.png
NuInsSeg/a_full_set_5fold/fold_4/tissue_images/human_placenta_21.png,NuInsSeg/a_full_set_5fold/fold_4/binary_masks/human_placenta_21.png
NuInsSeg/a_full_set_5fold/fold_4/tissue_images/human_placenta_26.png,NuInsSeg/a_full_set_5fold/fold_4/binary_masks/human_placenta_26.png
NuInsSeg/a_full_set_5fold/fold_4/tissue_images/human_placenta_28.png,NuInsSeg/a_full_set_5fold/fold_4/binary_masks/human_placenta_28.png
NuInsSeg/a_full_set_5fold/fold_4/tissue_images/human_placenta_30.png,NuInsSeg/a_full_set_5fold/fold_4/binary_masks/human_placenta_30.png
NuInsSeg/a_full_set_5fold/fold_4/tissue_images/human_placenta_37.png,NuInsSeg/a_full_set_5fold/fold_4/binary_masks/human_placenta_37.png
NuInsSeg/a_full_set_5fold/fold_4/tissue_images/human_placenta_39.png,NuInsSeg/a_full_set_5fold/fold_4/binary_masks/human_placenta_39.png
NuInsSeg/a_full_set_5fold/fold_4/tissue_images/human_pylorus_1.png,NuInsSeg/a_full_set_5fold/fold_4/binary_masks/human_pylorus_1.png
NuInsSeg/a_full_set_5fold/fold_4/tissue_images/human_pylorus_6.png,NuInsSeg/a_full_set_5fold/fold_4/binary_masks/human_pylorus_6.png
NuInsSeg/a_full_set_5fold/fold_4/tissue_images/human_rectum_12.png,NuInsSeg/a_full_set_5fold/fold_4/binary_masks/human_rectum_12.png
NuInsSeg/a_full_set_5fold/fold_4/tissue_images/human_rectum_3.png,NuInsSeg/a_full_set_5fold/fold_4/binary_masks/human_rectum_3.png
NuInsSeg/a_full_set_5fold/fold_4/tissue_images/human_salivory_02.png,NuInsSeg/a_full_set_5fold/fold_4/binary_masks/human_salivory_02.png
NuInsSeg/a_full_set_5fold/fold_4/tissue_images/human_salivory_04.png,NuInsSeg/a_full_set_5fold/fold_4/binary_masks/human_salivory_04.png
NuInsSeg/a_full_set_5fold/fold_4/tissue_images/human_salivory_05.png,NuInsSeg/a_full_set_5fold/fold_4/binary_masks/human_salivory_05.png
NuInsSeg/a_full_set_5fold/fold_4/tissue_images/human_salivory_13.png,NuInsSeg/a_full_set_5fold/fold_4/binary_masks/human_salivory_13.png
NuInsSeg/a_full_set_5fold/fold_4/tissue_images/human_salivory_14.png,NuInsSeg/a_full_set_5fold/fold_4/binary_masks/human_salivory_14.png
NuInsSeg/a_full_set_5fold/fold_4/tissue_images/human_salivory_21.png,NuInsSeg/a_full_set_5fold/fold_4/binary_masks/human_salivory_21.png
NuInsSeg/a_full_set_5fold/fold_4/tissue_images/human_salivory_26.png,NuInsSeg/a_full_set_5fold/fold_4/binary_masks/human_salivory_26.png
NuInsSeg/a_full_set_5fold/fold_4/tissue_images/human_salivory_28.png,NuInsSeg/a_full_set_5fold/fold_4/binary_masks/human_salivory_28.png
NuInsSeg/a_full_set_5fold/fold_4/tissue_images/human_salivory_30.png,NuInsSeg/a_full_set_5fold/fold_4/binary_masks/human_salivory_30.png
NuInsSeg/a_full_set_5fold/fold_4/tissue_images/human_spleen_09.png,NuInsSeg/a_full_set_5fold/fold_4/binary_masks/human_spleen_09.png
NuInsSeg/a_full_set_5fold/fold_4/tissue_images/human_spleen_11.png,NuInsSeg/a_full_set_5fold/fold_4/binary_masks/human_spleen_11.png
NuInsSeg/a_full_set_5fold/fold_4/tissue_images/human_spleen_16.png,NuInsSeg/a_full_set_5fold/fold_4/binary_masks/human_spleen_16.png
NuInsSeg/a_full_set_5fold/fold_4/tissue_images/human_spleen_18.png,NuInsSeg/a_full_set_5fold/fold_4/binary_masks/human_spleen_18.png
NuInsSeg/a_full_set_5fold/fold_4/tissue_images/human_spleen_23.png,NuInsSeg/a_full_set_5fold/fold_4/binary_masks/human_spleen_23.png
NuInsSeg/a_full_set_5fold/fold_4/tissue_images/human_spleen_33.png,NuInsSeg/a_full_set_5fold/fold_4/binary_masks/human_spleen_33.png
NuInsSeg/a_full_set_5fold/fold_4/tissue_images/human_spleen_34.png,NuInsSeg/a_full_set_5fold/fold_4/binary_masks/human_spleen_34.png
NuInsSeg/a_full_set_5fold/fold_4/tissue_images/human_testis_10.png,NuInsSeg/a_full_set_5fold/fold_4/binary_masks/human_testis_10.png
NuInsSeg/a_full_set_5fold/fold_4/tissue_images/human_testis_11.png,NuInsSeg/a_full_set_5fold/fold_4/binary_masks/human_testis_11.png
NuInsSeg/a_full_set_5fold/fold_4/tissue_images/human_tongue_01.png,NuInsSeg/a_full_set_5fold/fold_4/binary_masks/human_tongue_01.png
NuInsSeg/a_full_set_5fold/fold_4/tissue_images/human_tongue_06.png,NuInsSeg/a_full_set_5fold/fold_4/binary_masks/human_tongue_06.png
NuInsSeg/a_full_set_5fold/fold_4/tissue_images/human_tongue_08.png,NuInsSeg/a_full_set_5fold/fold_4/binary_masks/human_tongue_08.png
NuInsSeg/a_full_set_5fold/fold_4/tissue_images/human_tongue_19.png,NuInsSeg/a_full_set_5fold/fold_4/binary_masks/human_tongue_19.png
NuInsSeg/a_full_set_5fold/fold_4/tissue_images/human_tongue_22.png,NuInsSeg/a_full_set_5fold/fold_4/binary_masks/human_tongue_22.png
NuInsSeg/a_full_set_5fold/fold_4/tissue_images/human_tongue_25.png,NuInsSeg/a_full_set_5fold/fold_4/binary_masks/human_tongue_25.png
NuInsSeg/a_full_set_5fold/fold_4/tissue_images/human_tongue_33.png,NuInsSeg/a_full_set_5fold/fold_4/binary_masks/human_tongue_33.png
NuInsSeg/a_full_set_5fold/fold_4/tissue_images/human_tongue_34.png,NuInsSeg/a_full_set_5fold/fold_4/binary_masks/human_tongue_34.png
NuInsSeg/a_full_set_5fold/fold_4/tissue_images/human_tonsile_2.png,NuInsSeg/a_full_set_5fold/fold_4/binary_masks/human_tonsile_2.png
NuInsSeg/a_full_set_5fold/fold_4/tissue_images/human_tonsile_3.png,NuInsSeg/a_full_set_5fold/fold_4/binary_masks/human_tonsile_3.png
NuInsSeg/a_full_set_5fold/fold_4/tissue_images/human_tonsile_5.png,NuInsSeg/a_full_set_5fold/fold_4/binary_masks/human_tonsile_5.png
NuInsSeg/a_full_set_5fold/fold_4/tissue_images/human_umbilical_cord_07.png,NuInsSeg/a_full_set_5fold/fold_4/binary_masks/human_umbilical_cord_07.png
NuInsSeg/a_full_set_5fold/fold_4/tissue_images/human_umbilical_cord_09.png,NuInsSeg/a_full_set_5fold/fold_4/binary_masks/human_umbilical_cord_09.png
NuInsSeg/a_full_set_5fold/fold_4/tissue_images/mouse_femur_06.png,NuInsSeg/a_full_set_5fold/fold_4/binary_masks/mouse_femur_06.png
NuInsSeg/a_full_set_5fold/fold_4/tissue_images/mouse_heart_04.png,NuInsSeg/a_full_set_5fold/fold_4/binary_masks/mouse_heart_04.png
NuInsSeg/a_full_set_5fold/fold_4/tissue_images/mouse_heart_05.png,NuInsSeg/a_full_set_5fold/fold_4/binary_masks/mouse_heart_05.png
NuInsSeg/a_full_set_5fold/fold_4/tissue_images/mouse_heart_13.png,NuInsSeg/a_full_set_5fold/fold_4/binary_masks/mouse_heart_13.png
NuInsSeg/a_full_set_5fold/fold_4/tissue_images/mouse_heart_14.png,NuInsSeg/a_full_set_5fold/fold_4/binary_masks/mouse_heart_14.png
NuInsSeg/a_full_set_5fold/fold_4/tissue_images/mouse_heart_21.png,NuInsSeg/a_full_set_5fold/fold_4/binary_masks/mouse_heart_21.png
NuInsSeg/a_full_set_5fold/fold_4/tissue_images/mouse_heart_28.png,NuInsSeg/a_full_set_5fold/fold_4/binary_masks/mouse_heart_28.png
NuInsSeg/a_full_set_5fold/fold_4/tissue_images/mouse_kidney_01.png,NuInsSeg/a_full_set_5fold/fold_4/binary_masks/mouse_kidney_01.png
NuInsSeg/a_full_set_5fold/fold_4/tissue_images/mouse_kidney_06.png,NuInsSeg/a_full_set_5fold/fold_4/binary_masks/mouse_kidney_06.png
NuInsSeg/a_full_set_5fold/fold_4/tissue_images/mouse_kidney_08.png,NuInsSeg/a_full_set_5fold/fold_4/binary_masks/mouse_kidney_08.png
NuInsSeg/a_full_set_5fold/fold_4/tissue_images/mouse_kidney_19.png,NuInsSeg/a_full_set_5fold/fold_4/binary_masks/mouse_kidney_19.png
NuInsSeg/a_full_set_5fold/fold_4/tissue_images/mouse_kidney_22.png,NuInsSeg/a_full_set_5fold/fold_4/binary_masks/mouse_kidney_22.png
NuInsSeg/a_full_set_5fold/fold_4/tissue_images/mouse_kidney_25.png,NuInsSeg/a_full_set_5fold/fold_4/binary_masks/mouse_kidney_25.png
NuInsSeg/a_full_set_5fold/fold_4/tissue_images/mouse_kidney_33.png,NuInsSeg/a_full_set_5fold/fold_4/binary_masks/mouse_kidney_33.png
NuInsSeg/a_full_set_5fold/fold_4/tissue_images/mouse_kidney_34.png,NuInsSeg/a_full_set_5fold/fold_4/binary_masks/mouse_kidney_34.png
NuInsSeg/a_full_set_5fold/fold_4/tissue_images/mouse_liver_07.png,NuInsSeg/a_full_set_5fold/fold_4/binary_masks/mouse_liver_07.png
NuInsSeg/a_full_set_5fold/fold_4/tissue_images/mouse_liver_09.png,NuInsSeg/a_full_set_5fold/fold_4/binary_masks/mouse_liver_09.png
NuInsSeg/a_full_set_5fold/fold_4/tissue_images/mouse_liver_11.png,NuInsSeg/a_full_set_5fold/fold_4/binary_masks/mouse_liver_11.png
NuInsSeg/a_full_set_5fold/fold_4/tissue_images/mouse_liver_16.png,NuInsSeg/a_full_set_5fold/fold_4/binary_masks/mouse_liver_16.png
NuInsSeg/a_full_set_5fold/fold_4/tissue_images/mouse_liver_18.png,NuInsSeg/a_full_set_5fold/fold_4/binary_masks/mouse_liver_18.png
NuInsSeg/a_full_set_5fold/fold_4/tissue_images/mouse_liver_23.png,NuInsSeg/a_full_set_5fold/fold_4/binary_masks/mouse_liver_23.png
NuInsSeg/a_full_set_5fold/fold_4/tissue_images/mouse_liver_32.png,NuInsSeg/a_full_set_5fold/fold_4/binary_masks/mouse_liver_32.png
NuInsSeg/a_full_set_5fold/fold_4/tissue_images/mouse_muscle_tibia_02.png,NuInsSeg/a_full_set_5fold/fold_4/binary_masks/mouse_muscle_tibia_02.png
NuInsSeg/a_full_set_5fold/fold_4/tissue_images/mouse_muscle_tibia_05.png,NuInsSeg/a_full_set_5fold/fold_4/binary_masks/mouse_muscle_tibia_05.png
NuInsSeg/a_full_set_5fold/fold_4/tissue_images/mouse_muscle_tibia_12.png,NuInsSeg/a_full_set_5fold/fold_4/binary_masks/mouse_muscle_tibia_12.png
NuInsSeg/a_full_set_5fold/fold_4/tissue_images/mouse_muscle_tibia_15.png,NuInsSeg/a_full_set_5fold/fold_4/binary_masks/mouse_muscle_tibia_15.png
NuInsSeg/a_full_set_5fold/fold_4/tissue_images/mouse_muscle_tibia_20.png,NuInsSeg/a_full_set_5fold/fold_4/binary_masks/mouse_muscle_tibia_20.png
NuInsSeg/a_full_set_5fold/fold_4/tissue_images/mouse_muscle_tibia_27.png,NuInsSeg/a_full_set_5fold/fold_4/binary_masks/mouse_muscle_tibia_27.png
NuInsSeg/a_full_set_5fold/fold_4/tissue_images/mouse_spleen_04.png,NuInsSeg/a_full_set_5fold/fold_4/binary_masks/mouse_spleen_04.png
NuInsSeg/a_full_set_5fold/fold_4/tissue_images/mouse_subscapula_03.png,NuInsSeg/a_full_set_5fold/fold_4/binary_masks/mouse_subscapula_03.png
NuInsSeg/a_full_set_5fold/fold_4/tissue_images/mouse_subscapula_04.png,NuInsSeg/a_full_set_5fold/fold_4/binary_masks/mouse_subscapula_04.png
NuInsSeg/a_full_set_5fold/fold_4/tissue_images/mouse_subscapula_20.png,NuInsSeg/a_full_set_5fold/fold_4/binary_masks/mouse_subscapula_20.png
NuInsSeg/a_full_set_5fold/fold_4/tissue_images/mouse_subscapula_27.png,NuInsSeg/a_full_set_5fold/fold_4/binary_masks/mouse_subscapula_27.png
NuInsSeg/a_full_set_5fold/fold_4/tissue_images/mouse_subscapula_29.png,NuInsSeg/a_full_set_5fold/fold_4/binary_masks/mouse_subscapula_29.png
NuInsSeg/a_full_set_5fold/fold_4/tissue_images/mouse_subscapula_31.png,NuInsSeg/a_full_set_5fold/fold_4/binary_masks/mouse_subscapula_31.png
NuInsSeg/a_full_set_5fold/fold_4/tissue_images/mouse_subscapula_36.png,NuInsSeg/a_full_set_5fold/fold_4/binary_masks/mouse_subscapula_36.png
NuInsSeg/a_full_set_5fold/fold_4/tissue_images/mouse_subscapula_38.png,NuInsSeg/a_full_set_5fold/fold_4/binary_masks/mouse_subscapula_38.png
NuInsSeg/a_full_set_5fold/fold_4/tissue_images/mouse_thymus_01.png,NuInsSeg/a_full_set_5fold/fold_4/binary_masks/mouse_thymus_01.png
NuInsSeg/a_full_set_5fold/fold_4/tissue_images/mouse_thymus_06.png,NuInsSeg/a_full_set_5fold/fold_4/binary_masks/mouse_thymus_06.png
